PDBid,Sequence,envelope,lumen,plastoglobule,stroma,thylakoid_membrane
A1JHN0,MDLCSSTGRGACLSPASTSRPCPAPVHLRGRRLAFSPAQPAGRRHLPVLSSAAVPAPLPNGGNDESFAQKLANFPNAFWKFLRPHTIRGTILGTTAVTAKVLMENPGCIDWALLPKALLGLVALLCGNGYIVGINQIYDVDIDVVNKPFLPVASGELSPALAWGLCLSLAAAGAGIVAANFGNLITSLYTFGLFLGTVYSVPPLRLKQYAVPAFMIIATVRGFLLNFGVYSATRAALGLPFEWSPAVSFITVFVTLFATVIAITKDLPDVEGDQANNISTFATRMGVRNVALLAIGLLMANYLGAIALALTYSTAFNVPLMAGAHAILAATLALRTLKLHAASYSREAVASFYRWIWNLFYAEYALLPFL,1,0,0,0,0
A1L4X0,MDTVLMATTPPIRCLHASIPTVFRSPAIYQVSCRSSQLFSYRSTTMMSMCFLRRSDLRSRFLSTPKTTSPMRRPRFSVGASTEESSIPSNRNLIVANSVVIVALAVANRVLYKLALVPMKQYPFFMAQLTTFGYVLIYFTILYTRRRLGIVTNEMMDVPKWRFAIIGFLEALGVATGMAAAAMLPGPVIPILNQTYLVWQLLFALLILGRRFLLNQIAGCLLVAVGVVVAVSSGSGADTTLSGIGFLWPAVLVASAAFQAGASIIKEFVFNDAAKRLEGKSLDIFVVNSFGSGFQALFVFLLLPFLSNLKGIPFASLPSYLKDGAGCFFNTGAKISGCDGAPILPLLYISTNLAFNISLLHLVKISSAIVSSLTMMLSVPLAVYIMSKPLPYLPGGSSLSSNFTMGCIVLVLGLLLYNIPTTPTKQHTKTS,1,0,0,0,0
A2XLM6,MSSSSLVTSLLFSSSSSSNTATSTSSRRSFSLFSKNQYCKPSPLRRSSSLLLVRCSLQQQQEEKAAPAAESHHAGGGQDDAATASHHAVEGENGVADADGGGVKKSKEELEEEEQQEVDWRSDEEFKRFMGNPSIEGAIKLEKKRADRKLRELDREPDANPLAGLLRGLARGQLAREKERLELAENTFKALDLNKLKSCFGYDTFFAVDVRRFGDGGIFIGNLRKPVEEVRPKLEKKIAEAAGTDVTLWFMEEKNDDITKQVCMVQPKAEIDLQLEITKLSTPWGYLSAVALAVTTFGTIAIMSGFFLKPGATFDDYVSDVLPLFAGFLSILGVSEIATRLTAARYGVKLSPSFLVPSNWTGCLGVMNNYESLLPNKKALFDIPVARAASAYLTSVALAVSAFVSDGSLNGGKNALFVRPEFFYNNPLLSFVQAVIGPYADELGNVLPNAVEGVGVPVDPLAFAGLLGIVVTSLNLLPCGRLEGGRIAQALFGRGAAAVLSFATSVALGAGAIIGGSVLCLAWGLFATFVRGGEEIPAQDEITPLGSERYAWGLVLAVVCLLTLFPNGGGTYSSDFLGAPFFRGGI,1,0,0,0,0
A8MPR5,MACRFPLHSSSPSQFLSPENRQRLPRNYPSISCQNNSATNVVHEDGDDNDKAKTNQVNLLAIPITLTIISASLAKPSFAAAKVTERKRTQKKPQEALTLEQLKAWSKDLPVVSNRIPYTDILSLKAEGKLKHVIKPPNLSLRQKAEPVLVVLEDSRVLRTVLPSLEGNKRFWEQWDELGIDVQCVNAYTPPVKRPPVPSPYLGFLWKVPAYMLTWVKPKKESKRAAELKRMREDFKRQRKEEIETMKEERVMMEKTMKAQKKQQERKKRKAVRKKKYEESLREARKNYRDMADMWARLAQDPNVATALGLVFFYIFYRVVVLNYRKQKKDYEDRLKIEKAEADERKKMRELEREMEGIEEEDEEVEEGTGEKNPYLQMAMQFMKSGARVRRASNKRLPEYLERGVDVKFTDVAGLGKIRLELEEIVKFFTHGEMYRRRGVKIPGGILLCGPPGVGKTLLAKAVAGEAGVNFFSISASQFVEIYVGVGASRVRALYQEARENAPSVVFIDELDAVGRERGLIKGSGGQERDATLNQLLVSLDGFEGRGEVITIASTNRPDILDPALVRPGRFDRKIFIPKPGLIGRMEILQVHARKKPMAEDLDYMAVASMTDGMVGAELANIVEIAAINMMRDGRTELTTDDLLQAAQIEERGMLDRKDRSLETWRQVAINEAAMAVVAVNFPDMKNIEFLTINPRAGRELGYVRVKMDHIKFKEGMLSRQSILDHITVQLAPRAADELWYGEDQLSTIWAETSDNARSAARSLVLGGLSDKHHGLNNFWVADRINDIDVEALRILNMCYERAKEILGRNRTLMDEVVEKLVQKKSLTKQEFFTLVELYGSSKPMPPSILELRKIKRLELEEMVLKLDMTTARNSS,1,0,0,0,0
A8MS68,MQSAMALSFSQTSFTRPNHVLGSSGSVFSTPRSLRFCGLRREAFGFSTSNQLAIRSNRIQFLSRKSFQVSASASSNGNGAPPKSFDYDLIIIGAGVGGHGAALHAVEKGLKTAIIEGDVVGGTCVNRGCVPSKALLAVSGRMRELQNEHHMKSFGLQVSAAGYDRQGVADHANNLATKIRNNLTNSMKAIGVDILTGFGSVLGPQKVKYGKDNIITAKDIIIATGSVPFVPKGIEVDGKTVITSDHALKLESVPEWIAIVGSGYIGLEFSDVYTALGSEVTFIEALDQLMPGFDPEISKLAQRVLINPRKIDYHTGVFASKITPARDGKPVLIELIDAKTKEPKDTLEVDAALIATGRAPFTNGLGLENVNVVTQRGFIPVDERMRVIDGKGTLVPNLYCIGDANGKLMLAHAASAQGISVVEQVSGRDHVLNHLSIPAACFTHPEISMVGLTEPQAKEKGEKEGFKVSVVKTSFKANTKALAENEGEGIAKMIYRPDNGEILGVHIFGLHAADLIHEASNAIALGTRIQDIKLAVHAHPTLSEVLDELFKAAKVESHATTRTGDAKIKLNTNQEDRKGRRRGGDDEKQPSVSKDLKDISTRPSSFFENISVGVLSLLSLIFV,0,0,0,1,0
A9LIW2,MEFASFLVSLGTSAIIFVVLMFLFTWLSRRPGNVPVYYPNRILKGMDPWEGSSLTRNPFAWIREAFTSTEQDVVKLSGVDTAVYFVFQSTVLGIFALSALLLLPTLLPIAATDNNLETSRSATDTTSNGTFSQLDNLSMANITKSSSRLWAFLGAVYWVSVVTYFMLWKAYKHVAALRAQALMTSEEVLPEQFAILVRDIPSPPNGETQKEFVDSYFRDIYPETFYRSLVVTENSKINKIWEDLEGYKKKLARAEAAFAATSNRPTNKTGLLGLVGERVDSIDYYTKLINESVAKLEAEQRTVLAERQQTAAVVFFTDRVTAALAAQSLHCQMVDKWTVTEAPEPRQLIWENLKIKFFSRIVRQYVIYFLVAITILFYMIPIAFVSAITTLANLQKALPFLKPIVDIAFIRTILESYLPQIALIVFLAMLPKFLMFLSKSEGIPSQSHAIRATSGKYFYFSVLNVFIGVTLAGSLFENLKALEEKPNSFITLLATSLPKSATFFLTYVALKFFVGYGLELSRIIPLIIFHLKKKYLCKTEAEVKEAWYPGDLSYATRVPSDMLILTITFCYSVIAPLILVFGVIYFGLGWLILRNQALKVYVPSYESYGRMWPHIHTRILAALFLFQLVMFGYLGVKIFVWAILLVPLIFISLIFGYVCRQKFYGGFEHTALEVACRELKQRPDLEEVFRAYIPHSLSTHKGDDHQFKGAMSRYQDYAAISAA,1,0,0,0,0
B1B5P4,MGFVLPASFPGASSITTGGSCLRSKQYAKNYYASSYVTTLWHKKGKIQKEYCAVIFSRHNLKQHYKVNEGGSTSKECEKKYVVNAISEQSFEYEPQARDPKNIWGSVNDALDTFYKFCRPYAIFSVVLGATFKSLVAVERLSDLSLAFFIGWLQVVVAVICIHIFDVGLNQLCDIEIDKINKPDLPLASGNLSFRNVVIITASSLILGLGFAWIVGSWPLFWTVFICCMFAAAYNVDLPLLRWKKYPVLTAISFIANVAVTRSLGFFLHMQTCVFKRPTTFPRPLIFCTAIVSIYAIVIALFKDIPDMEGDEKFGIQSLSLRLGPKRVFWICVSLLEMAYGVTILVGATSPILWSKIITVLGHAILASVLWYHAKSTDLTSNVVLQSFYMFIWKLHTAEYCLIPLFR,1,0,0,0,0
B3H707,MHAIFSSFSRKVVVNVGASSQSQLTKMVKKKPNQSRHLLPSRLSSPSSVPHFVPSAVSRSAKVHGFFASKLGNTNLKLKFGNVMESRAGFFSSELPSHGFESGGFTGFQKRGWKSWINGANGVVFGLVIANAAVFTMWRVSDRSWMLSTYSFTSGYIHTLITSGFSHIGTSQIILNMIGISYFGSRIARTLGPLYLLKLYFAGALGGSVCFLSYHALLATLKGEGVVIKDHQSTAPISQLLGADGSMFAIALLDMFIYPKVTTYFALMLRVHVMFRIINLGVEILNIPEGGPNHIASSSGQLGGVVVAAMAWARIKKGRF,1,0,0,0,0
B6TVL4,MAPVPVSVSATLAPPPAAPPKTTSRSWERRAPADAAFAAASSVAGSAALLTLTPAAPAAALSKEDVAGSLTKAVDTVSQAIDVGGKAAEQVAAVLKALGEAVKPALPVLKSASDEALKLAAPVVSAASKQATEALQGAGVDPAPVLSVAKTAAEQSTKVIDAAKPVASAAVETITSLGPEDYVVAAGXAFLAYLLVPPVWSLVSSSLRGYKGDLTPAQALDKVTTQGYVLIDVRSEKDKAKAGLPQLPSNAKNKLVSVPLEDLPSKLKGMVRNAKKAEAEIAALKISYLKKIGKGSNVIIMDSYSDVAKTVAKTLDSVGFKNCWVMAGGFSGRKGWAQSRLGTDSYNLSVVEVVTPSRVIPAVAGRRTGTTAARIGTASSASRATTRKLLPGGVD,0,0,0,0,1
B8AD72,MQLPAMSCSPSQSSAAAAAAYGCCQRILLASTSLPATGRPARLGLKLRSTHSLQIRNRRFVCQAMTETEPDGDGNGDEEKEELGDDASSPSVYSVTQENGSAESETNADNTKDETVNTEPLSSSDTVQNIDGDATPASDAQENVEVVDVAVGSPLPGMKQQLDESVRIPKATIDILKDQVFGFDTFFVTSQEPYEGGILFKGNLRGQPAKSYEKITNRLQNKFGDQYKLFLLINPEDDKPVAVVVPRQTLQPETTAVPEWFAAASFGVVTIFTLLLRNVPLLQDNLLSTFDNLELLKDGVYGALVTAAIIGVHEIAHILAARDTGIKLAVPYFVPSWQIGSFGAITRIVNIVRNREDLLKVAAAGPLAGFSLGFVLLLLGFILPPSDGLGLVIDPAVFHESFLVGGLAKLILGDALKEGTKLSINPLVLWAWAGLLINAINSIPAGELDGGRIAFAMWGRKISSRISSLAIGLLGISALFNDVAFYWVVLIFFLQRGPISPLSEEITEPENNYISIGVAILLFGLLVCLPYPFPFDPSQLTDFDL,1,0,0,0,0
B9DFZ0,MILTGAASTFPIVARVLNAMNRRMYAATTLSSAKSISAESLNLRSDSNSEAAHGASESETRVSLRKKRIKQDDLEPVKKCSARETKARKDMCGLPDIEDSPYKKTNGTASSRTRKLNSYIKSTEASPSASSIKTAGLGIPPENWEKVLEGIRKMKPSEEAPVNAVECDRTGSFLPPKERRFYVLIGTLLSSQTKEHITGAAVERLHQNGLLTPEAIDKADESTIKELIYPVGFYTRKATNVKKVAKICLMEYDGDIPRTLEELLSLPGVGPKIAHLVLHVAWNDVQGICVDTHVHRICNRLGWVSKPGTKQKTSSPEETRVALQQWLPKGEWVAINFLLVGFGQTICTPLRPHCGTCSITEICPSAFKETPSTSSKLKKSIKSKKL,0,0,0,1,0
C3VEQ1,MAFAMSSSLTLFQYQSFGKKPFFSRRRDFAGCSMMNPLVARCNRATEICCVVRKDGEAESLVEAENDQLEEEVMKPTSIDSFSVVLRSERKKAERRTYLVAAMASSLGFTFMAAAAVYYRFAWQMEGGAVPLTEMMGTFSLAVGSAVGMEYWARWAHRALWHTSLWHMHESHHRPRDGPFELNDVFALINAFPAVALLAFGFFHRGFFSGLCFGAGLGITLYGMAYMFVHDGLVHRRFPVGPIATVPYFQWVAAAHQIHHADKFNGVPYGLFLGHKELEEVGGMEALEREIKRGVKVFSSSPNQS,1,0,0,0,0
D9IL24,MRSAAFSLPFCDWKCRRRLGAADKWPLLKRSFRILPPLIAGGATTEVKEVEKFADEEDFIKAGGSELFFVKMQERKPMEKQRKIADELTKISSGDPMLDLIVIGCGPAGMSLAAEAGKRGLSVGLIGPDLPFTNNYGVWEDEFKGLGLESCIEHVWQDTIAYLDSSDPILISRAYGRVSRHLLHAELLRRCQETGVGFLDSKVEKIIEASDGSSIVVCEGDLMLPCRLATVASGAASGKLLQYEVGGPRVSVQTAYGVEAEVGNNPYDPRSMVFMDYRDHVKGKIISDEEYPTFLYVMPISSTRVFYEETCLASRNAMPFDRLRSKLMSRLKAMGVSILKIYEEEWSYIPVGGSLPNTEQKNLAFGVAASMVHPATGYSIVRSLSEAPQYASVITNILKRNSNSSQNNVIGSSYNPSVLAWRTLWPQEGKRQRAFFLFGLALILQLDIDGIRIFFQTFFRLPDWMWQGFLGSTLSSAGLIWFAFYMFAIAPNSLRICLIKHLLSDPTGSTMIREYLTL,1,0,0,0,0
E5KCJ8,MASNMLQLSLPPLSSSSSSLPFLSSSVYVLPFTHQRRHFSFFNVQNYRFRLSRSTSLGPLFVNKEEDSATYAVTEEEEDNDDDDPDPQSLEYVSQIKRVLELLKRNRDMLFGEVKLTIMIEDPRDVERRRLLGIDDENAPTRDDLAAALEEINEGKVPKDFAALQMLAEEMNSWPNLEVEATKQNKPGRSLYAKATDTGIDPKEAAKRLKIDWDSAAEIDESAESDEPDVPPALGYGALYLVSAFPIIIGISVVLILFYNSLQ,0,0,0,0,1
F4HT41,MTKALSGFCCSLSLSTLVRSSSSHMDSDIVSSSIDRSQTAMPDALAFKSINDPIKNQINSCAAICVKQDDPCHFLRVLYESLITGGLAGVVVEAALYPIDTIKTRIQVARDGGKIIWKGLYSGLGGNLVGVLPASALFFGVYEPTKQKLLKVLPDNLSAVAHLAAGALGGAVSSIVRVPTEVVKQRMQTGQFVSAPDAVRLIIAKEGFGGMYAGYGSFLLRDLPFDALQFCVYEQLRIGYKLAARRDLNDPENAMIGAFAGAVTGVLTTPLDVIKTRLMVQGSGTQYKGVSDCIKTIIREEGSSALWKGMGPRVLWIGIGGSIFFGVLEKTKQILSERSQKSHNA,1,0,0,0,0
F4HVG8,MLLSAIASQTLLSSNPNLHFSNSIPNPRPSNPSLKLLNASSSSSSSSSSSIFTRGLRYVNHTVSNEESEPGGGETMVASASAIASAIRGASTTPVEFTQMIEKDHLKTKIILPSPDFQRLCLEQLDLFRQIVDPNAVLSIYVRPAGSYVMDRLELRRVTCYPSVNAGDVVILVGNFGIPAGLRAAEASLSSQQVELVSKHRAAVFPMVKHPFVVGFLVAELPVEAEEEEEEEEEEKPHGVNQFLSPEEAYALPASANTKSPRVKLPSVKVFTEEQRSYAINISRTLAMAYVMDQKTMLLQQSSWQNNVRMSKLVEQIRGPLSTMRTLSKMLSTHTKRNQISHDIVEDLIVQGDQIKDTLEELQDAVHLTKANIVRHNEEALKKINKTHNETRRSKYEHKDPIDGSQISSTRLSLGSGLDDSEMPMPPLALAPLQMHSIRPCDISNVLLDMVETVRPLALTQQRVVELGENSASLQVAVEEPALRQALSNLIEGALLRTHVGGKVEILSTRAPAGGSLVVIDDDGPDMRYMTQMHSLTPFGAELLSENMVEDNMTWNFVAGLTVAREILESYGCVIRVISPRSSDAALGAGGTRVELWLPAFPAAVSEANEA,0,0,0,1,0
F4ICF4,MVSVSLSHHNLWPPESGSTAFRGFATAASVHACHHVSRHLRLDFHLRSSLKKLQHFSDDARMKFARYQRVFVFNGANFLKSRVDIRLSQSSPFVCFFNGGESRLNPRGGEEGSSNPETSKRNTVNGRRWTNVLLAINVIMYIAQIASDGKVLTWGAKINSLIERGQLWRLATASVLHANPMHLMINCYSLNSIGPTAESLGGPKRFLAVYLTSAVAKPILRVLGSAMSYWFNKAPSVGASGAIFGLVGSVAVFVIRHKQMVRGGNEDLMQIAQIIALNMAMGLMSRRIDNWGHIGGLLGGTAMTWLLGPQWKYEYTTRDGRRVFMDSAPIPLLLRWRNEQRRL,1,0,0,0,0
F4J220,MAASSSLLLLLHCPTCNFYFDSSSYLKRSRLSSYSSIISRGSPLFVSSFGSMTVKRFSSRVGSRSNDGNEQFGALEQESFINNSSEIRKDLVTGGGIEAIVNRLSKWVVSVLFGSIILLRHDGAALWAVIGSISNSALSVVLKRILNQERPTTTLRSDPGMPSSHAQSISFISVFAVLSVMEWLGTNGVSLFLSGLILALGSYFIRLRVSQKLHTSSQVVVGAIVGSLFCILWYTMWNSLLREAFEASLLVQISVFLFAATFALAFAAYVVLNWFKDER,1,0,0,0,0
F4J264,MAAKIIGGCCSWRRFYRKRTSSRFLIFSVRASSSMDDMDTVYKQLGLFSLKKKIKDVVLKAEMFAPDALELEEEQWIKQEETMRYFDLWDDPAKSDEILLKLADRAKAVDSLKDLKYKAEEAKLIIQLGEMDAIDYSLFEQAYDSSLDVSRSLHHYEMSKLLRDQYDAEGACMIIKSGSPGAKSQIWTEQVVSMYIKWAERLGQNARVAEKCSLLSNKSGVSSATIEFEFEFAYGYLLGERGVHRLIISSTSNEECSATVDIIPLFLRASPDFEVKEGDLIVSYPAKEDHKIAENMVCIHHIPSGVTLQSSGERNRFANRIKALNRLKAKLLVIAKEQKVSDVNKIDSKNILEPREETRSYVSKGHKMVVDRKTGLEILDLKSVLDGNIGPLLGAHISMRRSIDAI,0,0,0,1,0
F4J3G5,MEKVVTLNHDLPLLHFPNSRKPFSIPSPILRISSFKRHKKRSCLASSSRLGFYTETKTVSESHGVIVDNSTIGRRLLGLAAAVSVAVSLSIFCDSPALAESLTIAFPVSRAREVTTVQRTLVEAWGLIRETFVDPTFNHQDWDFKLQQTMVEMFPLRSADAAYGKLKAMLSTLGDPFTRLITPKEYQSFRIGSDGNLQGVGLFINSEPRTGHLVVMSCVEGSPADRAGIHEGEELVEINGEKLDDVDSEAAAQKLRGRVGTFVTIKLKNVNGSGTDSGIREVKLPRDYIKLSPISSAIIPHTTPDGRLAKTGYVKLTAFSQTAASDMENAVHEMENQDVQSYILDLRNNPGGLVRAGLDVAQLWLDGDETLVYTIDREGVTSPINMINGHAVTHDPLVVLVNEGSASASEILAGALHDNGRAILVGNRTFGKGKIQSITELNDGSALFVTVAKYLSPSLHEIDQVGIAPDVQCTTGMIDSLTAEIVEKMNSSVPLLEADSCVMVAEHELEARRSNGTAS,0,1,0,0,0
F4J3N2,MDFISASSLSSPFSTQLSPIYLSSGIVSLKPRHRVKNRNFGSRESNNKSRKIVPIRGCFGFSGSFLRSKQSDYGSEAVSESLRLCGEGNELVLSSEYNSAKTRESVIQFVTKPLVYALFCIAIGLSPIRSFQAPALAVPFVSDVIWKKKKERVREKEVVLKAVDHEFSDYTRRLLETVSVLLKTIEIVRKENGEVAEVGAALDAVKVEKEKLQKEIMSGLYRDMRRLRKERDLLMKRADKIVDEALSLKKQSEKLLRKGAREKMEKLEESVDIMESEYNKIWERIDEIDDIILKKETTTLSFGVRELIFIERECVELVKSFNRELNQKSFESVPESSITKLSRSEIKQELVNAQRKHLEQMILPNVLELEEVDPFFDRDSVDFSLRIKKRLEESKKLQRDLQNRIRKRMKKFGEEKLFVQKTPEGEAVKGFPEAEVKWMFGEKEVVVPKAIQLHLRHGWKKWQEEAKADLKQKLLEDVDFGKQYIAQRQEQVLLDRDRVVSKTWYNEDKSRWEMDPMAVPYAVSRKLIDSARIRHDYAVMYVALKGDDKEFYVDIKEYEMLFEKFGGFDALYLKMLACGIPTSVHLMWIPMSELSLQQQFLLVTRVVSRVFNALRKTQVVSNAKDTVLEKIRNINDDIMMAVVFPVIEFIIPYQLRLRLGMAWPEEIEQTVGSTWYLQWQSEAEMNFKSRNTEDFQWFLWFLIRSSIYGFVLYHVFRFLKRKVPRLLGYGPFRRDPNVRKFWRVKSYFTYRKRRIKQKRKAGIDPIKTAFDRMKRVKNPPIPLKNFASIESMREEINEVVAFLQNPKAFQEMGARAPRGVLIVGERGTGKTSLALAIAAEARVPVVNVEAQELEAGLWVGQSAANVRELFQTARDLAPVIIFVEDFDLFAGVRGKFVHTKQQDHESFINQLLVELDGFEKQDGVVLMATTRNHKQIDEALRRPGRMDRVFHLQSPTEMERERILHNAAEETMDRELVDLVDWRKVSEKTTLLRPIELKLVPMALESSAFRSKFLDTDELLSYVSWFATFSHIVPPWLRKTKVAKTMGKMLVNHLGLNLTKDDLENVVDLMEPYGQISNGIELLNPTVDWTRETKFPHAVWAAGRALITLLIPNFDVVENLWLEPSSWEGIGCTKITKVTSGGSAIGNTESRSYLEKKLVFCFGSHIASQMLLPPGDENFLSSSEITKAQEIATRMVLQYGWGPDDSPAVYYATNAVSALSMGNNHEYEMAGKVEKIYDLAYEKAKGMLLKNRRVLEKITEELLEFEILTHKDLERIVHENGGIREKEPFFLSGTNYNEALSRSFLDVGDPPETALLSAPT,1,0,0,0,0
F4JZG9,MSLASVIHHGILPPAKSDRIFLTIPVFPPDFRARGWTKSPFSLLINPSLASAANRRLSHLPPIACSRGIDQEDEEKESRELLPHKNDENATTSRSSSSVDSGGLKDYQQEETYKTSFKTVALCVGTAVAFGIGIGLKEGVGKASEFFAGYILEQSLSVDNLFVFVLVFKYFKVPLMYQNKVLTYGIAGAIVFRFTLILLGTATLQKFEAVNLLLAAVLLYSSFKLFASEEDDTDLSDNFIVKTCQRFIPVTSSYDGNRFFTKHDGILKATPLLLTVAVIELSDIAFAVDSIPAVFGVTRDPFIVLTSNLFAILGLRSLYTLISEGMDELEYLQPSIAVVLGFIGVKMILDFFGFHISTEASLGVVALSLSTGVLLSLTNKSSDS,0,0,0,0,1
F4KDA6,MALQIHSPCSFSTRPYHLFFTTRNPRFAIKCQNSQIESDTTEDPSRSKNSSSSGVGFGSPASSSSPAKKLSAATSGNKKGKGKREVNRRAPVEKPVFMSEEGAAKAEEQRQNENAFLLTWLGLGIVILIEGIILAASGFLPEELDKLFVKYVYPVFTPSVVLFVAGTTAYGVLKYIQNEKMKGQE,0,0,0,0,1
F4KF14,MTFYISSSLTPTHFSKPLNPSNTLFPSQFRGSLSSFVRRRKPTEAKLSSKFNLFPSRRNGLITCCSTSSFESTESSVSQEEDAESNRLFEKLRETERERLSNMEELERKANVQLERQLVMASDWSRTLLTMRGKLKGTEWDPETSHRINFSDFMKLLDSNSVQYMEYSNYGQTISVILPYYKDGEPLGEEEDSKKEIIFRRHIVDRMPIDGWNDVWKKLHQQIVNVEVFNVDVVPAEVYTTVATFVVWSMRLALFVSLYVWIDSITRPIYAKLIPCDLGTPTKKIRQPLKRQALGSLGKSRAKFISAEEKTGVTFDDFAGQEYIKRELQEIVRILKNDEEFQNKGIYCPKGVLLHGPPGTGKTLLAKAIAGEAGLPFFAANGTDFVEMFVGVAASRVKDLFASSRSYAPSIIFIDEIDAIGSKRGGPDIGGGGAEREQGLLQILTEMDGFKVTTSQVLVIGATNRLDILDPALLRKGRFDKIIRVGLPSKDGRLAILKVHARNKFFRSEDEKEELLQEVAENTEDFTGAELQNVLNEAGILTARKDLDYIGREELLEALKRQKGTFETGQEDSTEVPEELKLRLAYREAAVAVLACYLPDQYRPISETDINSIRSQPNMRYSETSGRVFARKSDYVNSIIRACAPRVVEEEMFGIENLCWISAKSTLEASQRAEFLILQTGMTAFGKAYYRNQRDLVPNLVPKLEALRDEYMRFAVEKCSSILQEYQSALEEITDVLLEKGEIKADEIWNIYNTAPRIPQKPVRPVDEYGALIYAGRWGIHGVSLPGRVTFSPGNIGFATFGAPRPMETQIISDDTWKLVDEIWDKKVEEIKAEAVIQIEEEKKKPQILMATHFF,0,0,0,0,1
F4KHG6,MRLLLPFSSPLSATSSPSTPQFIPELPPPSQFDYSGLTKILKKSVIGTLTGALSLTLVFSSPISSVAATNDPYLSVNPPSSSFESSLNHFDSAPEDCPNEEEADTEIQDDDIEPQLVTNEGIVEEAWEIVNGAFLDTRSHSWTPETWQKQKDDILASPIKSRSKAHEVIKNMLASLGDQYTRFLSPDEFSRMSKYDITGIGINLREVSDGGGNVKLKVLGLVLDSAADIAGVKQGDEILAVNGMDVSGKSSFEVSSLLQGPSKTFVVLKVKHGKCGPVKSLKIQRQVNAQTPVSYRLEKVDNGTVSVGYIRLKEFNALARKDLVIAMKRLLDKGASYFVMDLRDNLGGLVQAGIETAKLFLDEGDTVIYTAGRDPEAQKTVVSDKKPLITAPLIVMVNNRTASASEIVASALHDNCKAVLVGERTYGKGLIQSVYELRDGSGVVVTIGKYVTPNHMDINGGGIEPDFRNLPAWDEVKERLSKCSILQQS,0,1,0,0,0
G5DBJ0,MATTLISKLTLSSAFLGQQFSSRGNSMRSAPAGLFLRGPRCAATDTPYGGNIPQFPRVNVWDPYKRLGISRDASEEEVWSSRNFLLNQYYNHERSAESIEAAFEKILMASFINRKKTKINLKTRLKKKVEESPPWVQNLLSFVELPPPVIILRRLFLFGFMACWSVMNSTEAGPAFQVAISFGACVYFLNDKTKSLGRAALIGFGALVAGWFCGSLLVPMIPPNLLHPTWSLELLTSLFIYVSLFLGCTFLK,1,0,0,0,1
I2CYZ4,MNATMQRSAVAGRTSGKVATTARASSMARPRLPIAGRVARRSAVTVRAVAEPVVVDKAVEAPAKPVPSGGDPWEDEKWTKYKWTVYRGVAYDLTPYLDRHPGGRWLLNLAIGRDATALFESYHLRPEVAASMLKRLPVLADFPVDAVPPSPRPNDSELYNAIRERVRKEVFKGTEIKGAHRSGSEGAAFAVLGYAAAMYALYTYDANPLTGALLGLGGAWIGLTIQHCGNHGAMSTNPVVNNLMGLTNDLAGGSSLMWRYHHQVSHHIHCNDDALDEDVFSAFPMLRFDDRLPKAWYHQFQHVYMWALFPFLQLVFQIGDWQALLTNRTVGATLYGASNFERQTLIAGKLAHYFLLYGLPAFLHGPTAMLGGAAGYLFTQSIVLAATFAVSHNVPETKPLDPGPTRENLDESAVTRDWGVQQVLTSANWGGVIGNFFTGGLNLQIEHHLFPAISFMHYPAISKIVADECKQRGIPYSHYDTLPEILGRFVRYMKEVGAAPQKPVKRDGEMLMLSKF,1,0,0,0,0
K4BVL1,MLTAPSLSRFKSPFISSPLKLPTLSSSFFTQKFHQTCRRRNSYPCIKAVDLDQNTVIAITVGVLSVAIGVGIPVFYETQIDNAAKRENTQPCFPCTGTGAQKCRFCMGTGSVTVELGGGETEVSRCINCDGAGGLTCTTCQGSGIQPRYLDRREFKDDD,0,0,0,0,1
O22993,MASIDNVFSLGTRFSIPENPKRSILKHATTSSFSARTQTRWRAPILRRSFTVLCELKTGSSSSGETNNSPAADDFVTRVLKENPSQVEPRYRVGDKLYNLKEREDLSKGTNAATGAFEFIKRKFDSKKKTETDKSEESVYLSDILREYKGKLYVPEQVFGPELSEEEEFEKNVKDLPKMSLEDFRKAMENDKVKLLTSKEVSGVSYTSGYRGFIVDLKEIPGVKSLQRTKWSMKLEVGEAQALLKEYTGPQYEIERHMTSWVGKVADFPNPVASSISSRVMVELGMVTAVIAAAAVVVGGFLASAVFAVTSFAFVTTVYVVWPIAKPFLKLFVGVFLGVLEKSWDYIVDVLADGGIFSRISDFYTFGGVASSLEMLKPILLVVMTMVLLVRFTLSRRPKNFRKWDLWQGIAFSQSKAEARVDGSTGVKFADVAGIDEAVDELQELVKYLKNPDLFDKMGIKPPHGVLLEGPPGCGKTLVAKAIAGEAGVPFYQMAGSEFVEVLVGVGSARIRDLFKRAKVNKPSVIFIDEIDALATRRQGIFKENSDQLYNAATQERETTLNQLLIELDGFDTGKGVIFLGATNRRDLLDPALLRPGRFDRKIRVRPPNAKGRLDILKIHASKVKMSDSVDLSSYASNLPGWSGAKLAQLVQEAALVAVRKTHNSILQSDMDDAVDRLTVGPTRIGLELGHQGQCRRATTEVGVAITSHLLLRYENAKIERCDRVSIIPRGQTLSQVVFHRLDDESYMFGRLPQLLHRLQVLLGGRAAEEVIYGSDTSKASVDYLSDASWLARKILTIWNLENPMVIHGEPPPWRKRPQFVGPRLDFEGSLYDDYDLVEPPVNFNMDDEVAHRSEELISQMYNKTVSLLRQNQTALLKTVKVLLNQKEISGEAIDFILDHYPPQTPLNSLLQEQNPGSLPFVPEHLRRESGDFVLVNHSTDVNAQV,1,0,0,0,0
O23053,MLLNISSSPISHRIPHFLSDFNNPTSNFPPKSKTHLPKSNLSTLSNHSLYGTKNRAFYKNKRNPYNRTQALGRFDFGSLESVLEASAVLTAIIVVHETGHFLAASLQGIRVSKFAIGFGPILAKFNSNNVEYSLRAFPLGGFVGFPDNDPDSDIPVDDRNLLKNRPILDRVIVVSAGIVANVIFAYAIIFTQVVSVGLPVQESFPGVLVPDVKSFSAASRDGLLPGDVILAVDGTELSNSGSDSVSKVVDVVKRNPEHNVLLRIERGKESFEIRITPDKSFDGTGKIGVQLSPNVRFGKVRPKNIPETFSFAGREFFGLSYNVLDSLKQTFLNFSQTASKVAGPVAIIAVGAEVARSNADGLYQFAALLNLNLAVINLLPLPALDGGTLALILLEAVRGGRKLPLEVEQGIMSSGIMLVLFLGLFLIVKDTLNLDFIKEML,1,0,0,0,0
O23614,MEVLASSSLSPISFTKPNKINPNFSIQVKLWVKQPPKISKASKFSYARSRSNISRSNAANPGVVFVCNRFLCVIERNDQRKLSGKVMMKSSVNFRQNLSVALVRIVSVLLVSSISVVTTDSPPSWGLTEENLLFLEAWRTIDRAYIDKTFNGQSWFRYRETALRNEPMNTREETYMAIKKMVATLDDPFTRFLEPGKFKSLRSGTQGAVTGVGLSIGYPTASDGPPAGLVVISAAPGGPANRAGILPGDVIQGIDNTTTETLTIYDAAQMLQGPEGSAVELAIRSGPETRLLTLTRERVSVNPVKSRLCELPGSGSNSPKIGYIKLTTFNQNASSAVREAIETLRGNNVNAFVLDLRDNSGGSFPEGIEIAKFWLDKGVIVYICDSRGVRDIYDTDGSNAIATSEPLAVLVNKGTASASEILAGALKDNKRALVYGEPTYGKGKIQSVFELSDGSGLAVTVARYETPAHTDIDKVGVTPDHPLPKSFPKDEEAFCGCLKDPTAACYLNQGLLFSR,0,1,0,0,0
O80885,MLLNISSSPISHRNPHFLSNFNNPISYFPRRSKTHLSKSHFFPKFTPLSNQSLKNRVLFGNKRYPDGERFDFRSRAISGIDLGSFESVLEAIAVLTTIIVVHESGHFLAASLQGIHVSKFAIGFGPILAKFDYNNVEYSLRAFPLGGFVGFPDNDPDSEIPIDDENLLKNRPTLDRSIVVSAGIIANVIFAYAIIFVQVLSVGLPVQEAFPGVLVPEVKTFSAASRDGLLSGDVILAVDGTELSKTGPDAVSKIVDIVKRNPKSNVVFRIERGGEDFDIRVTPDKNFDGTGKIGVQLSPNVRITKVRPRNIPETFRFVGREFMGLSSNVLDGLKQTFFNFSQTASKVAGPVAIIAVGAEVARSNIDGLYQFAALLNINLAVINLLPLPALDGGTLALILLEAVRGGKKLPVEVEQGIMSSGIMLVIFLGLFLIVKDTLSLDFIKEML,1,0,0,0,0
O80952,MLRSGLASLIVDVNLRRTLRPSPTFSFPAHLSRCIITSRYSSRTSLRFPIQISRHQHRLSYFSSSSSSEQSRPTSSSRNSFSGHGQLDSDDNSSPPPSQSSSKVLTLPTVLTLGRVAAVPLLVATFYVDSWWGTTATTSIFIAAAITDWLDGYLARKMRLGSAFGAFLDPVADKLMVAATLILLCTKPIQVAELGPLPWLLTVPSIAIIGREITMSAVREWAASQNGKLLEAVAVNNLGKWKTATQMTALTILLASRDSNVGWLVASGAGLLYVSAGLSVWSLAVYMRKIWKVLMK,1,0,0,0,0
O82258,MATKAVLLPWLIPSPRHVSLFPVVQLPALETAGWCVRKRRAEDVAVSVAFNPSGNFDISAFENDQDSDKVEPPMPPTTGRYEVVIDNDSIGRLDLSPFQRAIGITSPDDFGVAEPKRYLDRTIGFTINYKREDPGDPRELSEYPDVRLWFVRLDAMYPWLPLLLDWRAGELARYAAMLVPHQMSLRMGVVFNPEALELFVMNKVFVVYPWLKRHGVPKPRLKTSDMARMLGFGIGDELFDLIDHNE,0,0,0,1,0
O82741,MCSLSAIMLLPTKLKPAYSDKRSNSSSSSSLFFNNRRSKKKNQSIVPVARLFGPAIFESSKLKVLFLGVDEKKHPSTLPRTYTLTHSDITAKLTLAISQSINNSQLQGWANRLYRDEVVAEWKKVKGKMSLHVHCHISGGHFLLDLFAKFRYFIFCKELPVVLKAFVHGDGNLLNNYPELQEALVWVYFHSNVNEFNKVECWGPLWEAVSPDGHKTETLPEARCADECSCCFPTVSSIPWSHSLSNEGVNGYSGTQTEGIATPNPEKL,0,0,0,0,1
O82775,MANNEEHPPRGNEWEVVSLTSSAYAAAPGPYNVESRDVRKYDAYYGAETSRDLYMSEHFVFPPSEHENLPIDESLFVAEQRKDGRDLMLEGQGLSDQFHYEAGNNQQSIYGESALGSSRHMESFGSESAVYEHGLVDAEGNLDLHSDGEGEKDVKKSTHNLPCEAWWKRRAISMYSRTREANAIWSLFFAAAVTGLVVLGQRWQQERWQVLQLKWQSSISSEKLGRVLEPLSRLKDVIVRSNPQASLVRSGSSSEV,1,0,0,0,0
Q058P6,MATTSSDRLIAGLTASIGSIESRYANPAQSVSLICRNQINGAPPIVLRSSRRSRLWLIEAIPPAKSWNGSNDGDEDIKKSDTRNYAIGGTGGHAVAGKDDRTMEIVIAAATTAALGVGNRVLYKLALIPLKQYPFFLAQLSTFGYVAVYFSILYFRYRAGIVTKEMLSVPKLPFLIVGVLESLALAAGMAAASNLSGPSTTVLSQTFLVWQILFSIIFLGRRYRINQILGCTLVAFGVIVSVASGSGAAHSFKDTGILWSLLMVFSFLLQGADTVMKEVIFLDSKKRLKGASLDLFVVNSYGSIFQVICIALLLPFLSKLWGIPFNQLPSYIRDGGACFLNIGSRITGCEGAPLLPVMFVMMNMAYNISLLRLIKISSAVVSSLASTVSVPIAVYCFTLPLPYLGVASTLPRGFVAGTIILVVGMLLYAWTPSTNTSDSIIPSPPST,1,0,0,0,0
Q0JQS5,MQLPAMSCSPSQSSAAAAAAAYGCCQRILLASTSLPATGRPARLGLKLRSTHSLQIRNRRFVCQAMTETEPDGDGNGDEEKEELGDDASSPSVDSVTQENGSAESETNADNTKDETVNTEPLSSSDTVQNIDGDATPASDAQENVEVVDVAVGSPLPGMKQQLDESVRIPKATIDILKDQVFGFDTFFVTSQEPYEGGILFKGNLRGQPAKSYEKITNRLQNKFGDQYKLFLLINPEDDKPVAVVVPRQTLQPETTAVPEWFAAASFGVVTIFTLLLRNVPLLQDNLLSTFDNLELLKDGVYGALVTAAIIGVHEIAHILAARDTGIKLAVPYFVPSWQIGSFGAITRIVNIVRNREDLLKVAAAGPLAGFSLGFVLLLLGFILPPSDGLGLVIDPAVFHESFLVGGLAKLILGDALKEGTKLSINPLVLWAWAGLLINAINSIPAGELDGGRIAFAMWGRKISSRISSLAIGLLGISALFNDVAFYWVVLIFFLQRGPISPLSEEITEPENNYISIGVAILLFGLLVCLPYPFPFDPSQLTDFDL,1,0,0,0,0
Q1KPV0,MRTLISHRQCVTSPFLISAASPPFPGRCFKLSSFTPPRHRRFSSLSIRNISHESADQTSSSRPRTLYPGGYKRPELAVPGLLLRLDADEVMSGNREETLDLVDRALAKSVQIVVIDGGATAGKLYEAACLLKSLVKGRAYLLIAERVDIASAVGASGVALSDEGLPAIVARNTLMGSNPDSVLLPLVARIVKDVDSALIASSSEGADFLILGSGEEDTQVADSLLKSVKIPIYVTCRGNEEAKEELQLLKSGVSGFVISLKDLRSSRDVALRQSLDGAYVVNNHETQNMNELPEKKNSAGFIKLEDKQKLIVEMEKSVLRETIEIIHKAAPLMEEVSLLIDAVSRIDEPFLMVIVGEFNSGKSTVINALLGKRYLKEGVVPTTNEITFLCYSDLESEEQQRCQTHPDGQYVCYLPAPILKDINIVDTPGTNVILQRQQRLTEEFVPRADLLVFVLSADRPLTESEVAFLRYTQQWKKKFVFILNKSDIYRDARELEEAISFVKENTRKLLNTENVILYPVSARSALEAKLSTASLVGRDDLEIADPGSNWRVQSFNELEKFLYSFLDSSTATGMERIRLKLETPMAIAERLLSSVEALVRQDCLAAREDLASADKIISRTKEYALKMEYESISWRRQALSLIDNARLQVVDLIGTTLRLSSLDLAISYVFKGEKSASVAATSKVQGEILAPALTNAKELLGKYAEWLQSNTAREGSLSLKSFENKWPTYVNSKTQLGIDTYDLLQKTDKVSLKTIQNLSAGTTSKRLEQDIREVFFVTVGGLGAAGLSASLLTSVLPTTLEDLLALGLCSAGGYVAIANFPYRRQAIIGKVNKVADALAQQLEDAMQKDLSDATSNLVNFVNIVAKPYREEAQLRLDRLLGIQKELSDIRSKLQLLQVDIDNLHVSRDEMRL,1,0,0,0,1
Q38786,MALLCSALSNSTHPSFRSHIGANSENLWHLSADPAQKSKRRCNLTLSSRAARISSALESAKQVKPWQVPKRDWFPPEFMFGAASAAYQIEGAWNEGGKGPSSWDNFCHSHPDRIMDKSNADVAANSYYMYKEDVRMLKEIGMDSYRFSISWPRILPKGTLDGGINHEGIQYYNDLLDCLIENGIKPYITLFHWDTPQALADEYKDFLDRRIVKDYTDYATVCFEHFGDKVKNWFTFNEPHSFCGLGYGTGLHAPGARCSAGMTCVIPEEDALRNPYIVGHNLLLAHAETVDVYNKFYKGDDGQIGMVLDVMAYEPYGNNFLDQQAQERAIDFHIGWFLEPMVRGDYPFSMRSLVGDRLPFFTKSEQEKLVSSYDFVGINYYTSRFAKHIDISPEFIPKINTDDVYSNPEVNDSNGIPIGPDVGMYFIYSYPKGLKNILLRMKEKYGNPPIYITENGTADMDGWGNPPMTDPLDDPLRIEYLQQHMTAIKEAIDLGRRTLRGHFTWSLIDNFEWSLGYLSRFGIVYIDRNDGCKRIMKKSAKWLKEFNGATKKLNNKILGASSCCSGVTHGGGTA,0,0,0,1,0
Q42512,MAMSFSGAVLTGMASSFHSGAKQSSFGAVRVGQKTQFVVVSQRKKSLIYAAKGDGNILDDLNEATKKASDFVTDKTKEALADGEKAKDYVVEKNSETADTLGKEAEKAAAYVEEKGKEAANKAAEFAEGKAGEAKDATK,0,0,0,1,0
Q52QW5,MAASQLCFVGFLEGIRGGDRLWNAKNDCRFSQRKKMRWSFYCLFTNFNYACVSQEPEKDLKFPIYSSLVVNPVGEVAISSEQKVYDVVLKQAALVEQQLRNRTVLEEKTGTTFLLNEAYDRCGQICEEYAKTFYLGTLLMTPERRRAIWAIYVWCRRTDELVDGPNASHITPSALDRWEARLEDLFAGRPYDMLDASLSDTVVNFPVDIQPFKDMIEGMRMDLKKSRYKNFDELYLYCYYVAGTVGLMSVPVMGIDPESDATTESVYNAALSLGIANQLTNILRDVGEDTRRGRVYLPQDELAEAGLSDEDIFNGKVTDRWRNFMKNQIKRARTFFQEAEKGIAELNQASRWPVLASLLLYRQILDEIEANDYNNFTKRAYVSKAKKLMAVPVAYGRSLIRPSMKKPSLVKP,1,0,0,0,0
Q5VQK9,MALLSPPSPPPPLPPLRRRPASPTLLAVATRPSSLLSLPHCHCGLPLPSTANARAYSRSSRRRRRVAASLGQDEPGVSDTAVAPEGEGDSEPPASSDGAAGDIAASAEQPEASPEDLEDIRQVKRVLELLQKNRDMTFGEVKLTIMIEDPRDIERKRLLGIEDPDEITRDDLADALVEVNEGRIPENRVALQLLAKEMTEWPDLEMEAPKKKSKPGKSVYAKATDTGIDPETAAKRLNIDWDSAADLDDEEEEDDETEVPSAVGYSALYLLTAFPVIIGISVVLILFYNSLQ,0,0,0,0,1
Q6NLA5,MDLIPQQLKAVTLTHVRYRPGDQLGHFLAWISLVPVFISLGGFVSHFLFRRELQGIFFGIGLVISQFINEFIKTSVEQARPETCTLLEACDSHGWPSSHSQFMFFFATYFSLMGCKGIGFWFGLRSRWIMNLLHWSLAVVTMYSRVYLGYHTVAQVFAGAALGGIVGASWFWVVNSVLYPFFPVIEESVLGRWLYVKDTSHIPDVLKFEYDNARAARKDMDSAKSD,1,0,0,0,0
Q6NQK9,MEARIILLRIQIPWSANRQFSHPPLDFPRFIRASSSSTSQKPKTYEGPKPRKNLVADFISKNDDLVRSLPIYVGGASLLAVLFNRTVSGIAPVADASSSQSRADLLALGLAVTNLLTGLVWLSIRPKSITPVNPKGVECKVVESDLPASMVSELLWAWESLKVATCCKSLVIVYNGICLIQIGMVAESPEDKKTVIVKTDKLMQGSVYRGVMKSKAQSYLANLSLYPGRSELPFLPANTQAVILQPLGDKGIAVIGGNTIRGFTSSDQAWISSIGEKLDATLGRYFVDSDEISRVTV,0,0,0,0,1
Q6NQL6,MAASSSSLLLLHKPTYNFHFAASSVPTYINSARFRISSSIFPLDRRRRRRIWSVSGFKSMADLVKTNARRDGEDRFQALEQEAFISNSSSELQNELVSDAGDGIEAIANRLSKWIVAALFGSVLLLRHDGAALWAVIGSVSNSVLSVALKRILNQERPVATLRSDPGMPSSHAQSISFISVFSVFSVMEWLGTNVLSLFLSGFILALGSYFTWLRVSQKLHTTSQVVVGAIVGSVYSTLWYVTWNSLVLEAFTSTFSVQIALFLVAAASALGFAVYVLLNWFKDDR,1,0,0,0,0
Q6STH5,MPLLHPQSLRHPSFEIQTQRRSNSTTRLLLSHKFLHSQASIISISRTRILKRVSQNLSVAKAASAQASSSVGESVAQTSEKDVLKALSQIIDPDFGTDIVSCGFVKDLGINEALGEVSFRLELTTPACPVKDMFENKANEVVAALPWVKKVNVTMSAQPAKPIFAGQLPFGLSRISNIIAVSSCKGGVGKSTVAVNLAYTLAGMGARVGIFDADVYGPSLPTMVNPESRILEMNPEKKTIIPTEYMGVKLVSFGFAGQGRAIMRGPMVSGVINQLLTTTEWGELDYLVIDMPPGTGDIQLTLCQVAPLTAAVIVTTPQKLAFIDVAKGVRMFSKLKVPCVAVVENMCHFDADGKRYYPFGKGSGSEVVKQFGIPHLFDLPIRPTLSASGDSGTPEVVSDPLSDVARTFQDLGVCVVQQCAKIRQQVSTAVTYDKYLKAIRVKVPNSDEEFLLHPATVRRNDRSAQSVDEWTGEQKVLYGDVAEDIEPEDIRPMGNYAVSITWPDGFSQIAPYDQLEEIERLVDVPPLSPVEV,0,0,0,1,0
Q7X6P3,MSCSYLLSGDASVVASRRWSDVSSRQRLFLPRQSLRQPSGSSFSRCVRLVANVNDHFSKQSLATRNCLASVFSADLGGSNGNNDNGNGGGGGGDGGGDNSDDSSFDLRYLCFLLLGLSCFFHFRLSAASAIAKDQNSDSNGDAVKETVWEVRGSKRKRLVPDFVKDEFVSEESAFELSSSLTPENLLAQCRNLLTQFLLPEGFPNSVTSDYLDYSLWRGVQGIASQISGVLATQSLLYAVGLGKGAIPTAAAINWVLKDGIGYLSKIMLSKYGRHFDVHPKGWRLFADLLENAAFGMEMLTPVFPQFFVMIGAAAGAGRSAAALIQAATRSCFNAGFASQRNFAEVIAKGEAQGMVSKSVGILLGIVVANCIGTSTSLALAAFGVVTTIHMYTNLKSYQCIQLRTLNPYRASLVFSEYLISGQAPLIKEVNDEEPLFPTVRFSNMKSPEKLQDFVLSSEAKAAAADIEERLQLGSKLSDVIHNKEEAIALFDLYRNEGYILTEHKGRFCVMLKESSTPQDMLRSLFQVNYLYWLEKNAGIEPASTYSDCKPGGRLHISLDYVRREFEHAKEDSESVGWVTEGLIARPLPTRIRLGHDRELLLSSPNSS,1,0,0,0,0
Q7XB14,MQAVTAAAAAGQLLTDTRRGPRCRARLGTTRLSWTGRFAVEAFAGQCQSSATTVMHKFSAISQAARPRRNTKRQCSDDYPALQAGCSEVNWDQNGSNANRLEEIRGDVLKKLRSFYEFCRPHTIFGTIIGITSVSLLPMKSIDDFTVTVLRGYLEALTAALCMNIYVVGLNQLYDIQIDKINKPGLPLASGEFSVATGVFLVLAFLIMSFSIGIRSGSAPLMCALIVSFLLGSAYSIEAPFLRWKRHALLAASCILFVRAILVQLAFFAHMQQHVLKRPLAATKSLVFATLFMCCFSAVIALFKDIPDVDGDRDFGIQSLSVRLGPQRVYQLCISILLTAYGAATLVGASSTNLFQKIITVSGHGLLALTLWQRAQHFEVENQARVTSFYMFIWKLFYAEYFLIPFVQ,1,0,0,0,0
Q7Y1W1,MSSMNFNPFQNWFEKPPNPVPSINFVSLADSFFPKSQSPNFASIGLPKFSKKSPKPETAGTDEPGPYKQIAEQFLWECENIPDYRHTPEVDKLLNEDPVFEKKENPSTEEIEAEQKWWESFRASPVVQFMTRAEEIADDMNKMELEDNDTPYRKEDKDYWRAIPHVPGFDGRPMPRKAIKSKEESDDKFWDFMKQFLFGLWGFRQRPYPPGRPIDVAQAIGYKRLEKRYYDFIMKTGGWWYKDRLGRSRGPCEIITLKTAYGAGIIDRDTFIWGEDMDEWAPIHMVYGLEPAIATWEVRLGAAATAFLHKLQKGIPPWVPLKGREPKTYKQLQKEAIESKKRDMAVLEANGGVWPGVRTPSHALFLWASGSELTTVLESDHMPNKFIPKQLRLELAKVIPGLRPWEVISIEQAMDQISYGGEWYREPLGTYTTGPPYIREWNRSVMRLFRIFYNLSVRVGQKLERTVPGFDTIMDKVQKDYDKRIARRMKRREEELREEDLKHYSGRTDEDEEEEEEEDDDSNSKKD,1,0,0,0,0
Q84MB5,MSQLLHLHRLSLPQSSLRFRFPPLHRRRAASSPTNSTQPPLQFRPLTVSRSQITCRFSQSDITPQFELDKAKDNRKPQKRANGIFWIILINLGIYLADHFFQVRGIKSLYLYHNFPAWYQFVTATFCHANWNHLSSNLFFLYIFGKLVEEEEGNFGLWLSYLFTGVGANLVSWLVLPRNAVSVGASGAVFGLFAISVLVKMSWDWRKILEVLILGQFVIERVMEAAQASAGLSGTIYGGYSLQTVNHIAHLSGALVGVVLVWLLSKFPSASMDQDVKKSS,1,0,0,0,0
Q84VQ4,MASLSTITQPSLVHIPGESVLHHVPSTCSFPWKPTINTKRIICSPARNSSEVSAEAETEGGSSTAVDEAPKESPSLISALNVERALRGLPITDVDHYGRLGIFRNCSYDQVTIGYKERVKELKEQGLDEEQLKTKMDLIKESYTILSTVEERRMYDWSLARSEKAERYVWPFEVDIMEPSREEPPPQEPEDVGPTRILGYFIGAWLVLGVALSVAFNR,0,0,0,0,1
Q84WG3,MHAIFCRRVAVGCSSPQLTKLVTKQASQSRHSLSHLLPFDLSSRFVPPYVVSRSARVHGFFAGKLGNTNLKLKFGNVMESRAGFFSSELPSHGFESGGFTGFQKRGWKSWINGANGVVFGLVIANAAVFTMWRVLGKDNMWMVKNFMLSRYSFMTGRIHTLITSGFSHVGATHIILNMMGLCYFGARIARSFGPRYLLKLYFAGALGGSVFFLSSHALSVISLKGQRVVPKDQLKVPIGKLGANGPVYAITLLDMLLYPKVTTYFGLMLRVPVFAGIYSLGLNIIKMLEGKNNNTLTSLDQLGGVVVAVIAWARIRKGRFCY,1,0,0,0,0
Q851F9,MASSSLVTSLLFSSSSSSNTATSTSSRRSFSLFSKNQYCKPRPLRRSSSRLLVRCSLQQQQEEKAAPAAESHHAGGGQDDAATASHHAVEGENGVADADGGGVKKSKEELEEEEQQEVDWRSDEEFKRFMGNPSIEAAIKLEKKRADRKLRELDREPDANPLAGLLRGLARGQLAREKERLELAENTFKALDLNKLKSCFGYDTFFAVDVRRFGDGGIFIGNLRKPVEEVRPKLEKKIAEAAGTDVTLWFMEEKNDDITKQVCMVQPKAEIDLQLEITKLSTPWGYLSAVALAVTTFGTIAIMSGFFLKPGATFDDYVSDVLPLFAGFLSILGVSEIATRLTAARYGVKLSPSFLVPSNWTGCLGVMNNYESLLPNKKALFDIPVARAASAYLTSVALAVSAFVSDGSLNGGKNALFVRPEFFYNNPLLSFVQAVIGPYADELGNVLPNAVEGVGVPVDPLAFAGLLGIVVTSLNLLPCGRLEGGRIAQALFGRGAAAVLSFATSVALGAGAIIGGSVLCLAWGLFATFVRGGEEIPAQDEITPLGSERYAWGLVLAVVCLLTLFPNGGGTYSSDFLGAPFFRGGI,1,0,0,0,0
Q852K0,MAAAAAALASSPMVHLTASRLRLPRPARSPAAATPSPSPASAACCSRGAACGLEWRPKSGLRALRRCEDRLRCFSIDGGGGGGGGGGGGTGGEDGEKRGEEEAAAAAEAKVGGAVEEMRSERTRSGSFSSSSSSSSGTPGISNEPPFLSFSVDNIDTVKLLELLGPEKVDSADVKAIKEKLFGYTTFWLTREEPFGDLGEGVLFIGNLRGKREEIFAKLQQQLRELTGDKYNLFMVEEPNSEGEDPRGGPRVSFGLLRREVSEPGPTTLWQYVISLLLFLLTVFSCVELGIASKISSLPPEIVTYFTDPNATGPPPDMQLLLPFVESALPVAYGVLAIQLFHEVGHFLAAFPKKVKLSIPFFIPNFTLGTFGAITQFKSILPDKKTMFDISMAGPLAGAALSFSMFSVGLLLSSNPAGASDLVEVPSKLFQGSLLLGLVSRATLGYRAMHAATVAIHPLVIAGWCGLTTTAFNMLPVGCLDGGRALQGAFGKDALFGFGLTTYSLLGLGVLGGPLSLPWGLYVLICQRTPEKPCLNDVSDVGTWRRAALIVSVFLVVLTLIPLWDELAEDLGVGLVTSF,1,0,0,0,0
Q8H0W0,MAMAIAMLPALFSSPSILTSRIRCGATANSGGAISSTSSNSDPRRGVPLYKPKSYEVLATDAANSLAFALQDSKSRLEIDFPPLPSSISSYKGSSDDFIDANIQLAVTVVRKLQEKIETRACIVFPDKPEKRRASQRFKAAFDSVDGISIGSLDDIPGTSVTNFFRSIRSTLDFDFEDENEGTWEPKEPPTLYIFINCSTRELSFIEKFVETFASSTPALLFNLELDTLRADLGLLGFPPKDLHYRFLSQFIPVFYIRTREYSKTVAVAPFVLNYNGALFRQYPGPWQVMLKQTDGSFACVAESPTRFTLGETKEELLQVLGLQEEKGSSLEFLRRGYKSATWWEEDVELEASSNWRN,0,0,0,1,1
Q8L540,MMARFVSVSSCQFHFGFREVSPPSVTSYPRRFEVSDRRFPAIPIKCSSSEPENGEDSAPSLSSSSSSSTSEVSTSNSSTYNWYTGIGGIGMLDTAYLTYLKVTGSDAFCPIGGGTCGDVLNSDYAVVFGVPLPVIGFVMYGVVTALSAELGEGNLPFGISKSNGRFALFGITTAMASASAYFLYILSTKLSGSSCLYCLVSAFLSFSLFFLSVKDVKLQEIQQVVGLQICLAIIVVASLTASYSTAQPIPSRSGDIELPYFRTEISSSSSPYAIALAKHLNSIGAKMYGAFWCSHCLEQKEMFGREAAKELNYVECFPDGYKKGTKILKACADAAIEGFPTWIINDKVLSGEIELAELAEMTGFSLDQANETNQLQ,0,0,0,0,1
Q8L7R2,MASLCFQSPSKPISYFQPKSNPSPPLFAKVSVFRCRASVQTLVAVEPEPVFVSVKTFAPATVANLGPGFDFLGCAVDGLGDHVTLRVDPSVRAGEVSISEITGTTTKLSTNPLRNCAGIAAIATMKMLGIRSVGLSLDLHKGLPLGSGLGSSAASAAAAAVAVNEIFGRKLGSDQLVLAGLESEAKVSGYHADNIAPAIMGGFVLIRNYEPLDLKPLRFPSDKDLFFVLVSPDFEAPTKKMRAALPTEIPMVHHVWNSSQAAALVAAVLEGDAVMLGKALSSDKIVEPTRAPLIPGMEAVKKAALEAGAFGCTISGAGPTAVAVIDSEEKGQVIGEKMVEAFWKVGHLKSVASVKKLDNVGARLVNSVSR,0,0,0,1,0
Q8LDD3,MELCTRSTTIITHLPASFNGHGYLAGKSVDRISLPLQRNVASLVLQSRTLRCSRKFPGETVTEETSTGVNEFGVEDRDGVVVAAEEKNSNSEAPQAEDEETQALEFLNDIKLDSDKTYSILLYGSGAIVALYLTSAIVSSLEAIPLFPKLMEVVGLGYTLWFTTRYLLFKRNREELKTKVSEIKKQVLGSDSE,0,0,0,0,1
Q8LDL0,MEVSMSLNALTRLPLKNTGRFEEVGLARHSLFSSRTACRETAVQQRRMVFVVEAKGKKGMAARQYQRTPPPMPKIEDDGNPRFVIFIRMANVYLWYPLSIIAGGTTAKIMVAAKDNLLGKYIYKDTIARNIAAVIYRDEKEIQKTAIKQHRVLRTATEFRYGYKLVENGNMRAALSTSDVIELPTQDQLKTVFDKVKDYFGDAKESFGKLSSLNPGSDEKTEETSDEKAKA,0,0,0,0,1
Q8LPG1,MWSLALTLPSPSLVSVRSTKLGRSVSNGGRNWSGLTKLSEKSKTKRGNGLCCKAELSELAPVVSATYGVLLLGGGLFAYSKSGSKGSLFGGLTGSVLMASAYFLTKSPETRVLGDTIGLGAAFLFSSVFGFRLASSRKPVPAGPLLLLSIGMLSFFVMAYMHDSLPAISIPDPLPLP,1,0,0,0,0
Q8LPR8,MANEELTESQQQEDPSQQLPNADEEKGSDSDSNSDSDASSQSSGDDFYISESENEAEGDNTIFNYVRPSDIPPDPNANPETNIRRFNRVLDGKRVKRMQEEEEDKYTFYEDLFDFPRDPERWKEQDLREIWADGPLEMTKPGWDPAWADEDDWDVVNDEIQEGRDPGIQPFYVPYRKPYPAIPDNHYDIENAKGVVEELDRIEEFLQWVSYIFPDGSSYEGTVWDDLAQGKGVYIAENGLVRYEGEWLQNDMEGHGVIDVDIPDIEPIPGSKLEAKMRAEGRIIKRDYMTPEDRKWLEMDVEDSVALTDGNFQVPFYENEEWVTQFGEKPEKGRYRYAGQWKHSRMHGCGVYEVNERILYGRFYFGELLEEEHGCTVDICALHSGLAEVAAAKARMFVNKPDGMIREERGPYGDPQHPYFYEEDDVWMAPGFINQFYEVPEYWETYVGEVDQEREMWLNSFYKAPLRLPMPAELEHWWENVEVTPEFVLLNKEPEPDPNDPSKLVQKEDPVILHTPTGRIINYVEDEKHGIRLFWQPPLEEGEEVDPSKVEFLPLGFDEFYGKEVVVKKEHPIKSFVLGIEKSVKPMLDGLEKWTEEKKKAYEERKEMIQQELELVEAEICLEEAIEDMDEELKKKEQEEEKKTEMGLTEEDEDVLVPVYKEEKVVTAKEKIQENKQEEKYKDDDDEDDDDGDDDDDDDDDDDLGPSSFGSADKGRRNSPFSSSSLSFASCTLFPAVQSRLESSFLAWKQHRAEPSKVNTGIIKGADTASASIHFPPLSSNNARLKMGKVANRGCVQRSYGSSRSQSQLMSLSRLLSCNASSSSSPPDSSSSEYLKDSGLWETPVGDMSVVLSLQIQTKCSDLFAETPAVS,1,0,0,0,1
Q8RWG2,MHFFFVPNSSSSSPSPANTSSFSLSFLTPQIPENLCKSPTKIHIGTHGISGQSFLSHPTFSSKNTYLYAVVDRSSSGVFSPQKESANGEGEESNTEEGVLVVRRPLLENSDKESSEEEGKKYPARIDAGLSNIAKKMPIFEPERSESSSSSSAAAAARAQERPLAVNLDLSLYKAKVLARNFRYKDAEKILEKCIAYWPEDGRPYVALGKILSKQSKLAEARILYEKGCQSTQGENSYIWQCWAVLENRLGNVRRARELFDAATVADKKHVAAWHGWANLEIKQGNISKARNLLAKGLKFCGRNEYIYQTLALLEAKAGRYEQARYLFKQATICNSRSCASWLAWAQLEIQQERYPAARKLFEKAVQASPKNRFAWHVWGVFEAGVGNVERGRKLLKIGHALNPRDPVLLQSLGLLEYKHSSANLARALLRRASELDPRHQPVWIAWGWMEWKEGNTTTARELYQRALSIDANTESASRCLQAWGVLEQRAGNLSAARRLFRSSLNINSQSYVTWMTWAQLEEDQGDTERAEEIRNLYFQQRTEVVDDASWVTGFLDIIDPALDTVKRLLNFGQNNDNNRLTTTLRNMNRTKDSQSNQQPESSAGREDIETGSGFNLDVFLRSKLSLDPLKLDVNLDSKRLERFTRGRINGA,1,0,0,1,0
Q8RWL5,MATTSRRFTTGLFASITSVKSHSANRPQSISLIRRNHIDHRLPLIVPSSRRWIIQAARSWDGFDDGAEAEIKKPGAYGYAIGDNEIEGSSSSTVHVIDGEHVKTAEIVIWAAVTAAFGVGNRVMYKLALVPLKEYPFFLAQLSTFGYVAVYYTILYFRYRAGTVTDAMLSVPKSPFLIVGILEALAAAAGMAAAANLSGPSTTVLSQTFLVWQIFFSIIFLGRRYSVNQILGCTLVALGVIVSVASGSGAAHSLNEAGVLWILLMVLSFLLQGAGTVLKEVIFIDSQRRLKGASLDLFIVNSYGSAFQAICIALLLPFLSKLWGIPFNQLGTYLKDGAVCFLNNGTITKGCDGAPFLPLLFVIMNIGYNIALLRLLKISSAVVSCLASTVSVPIAVFLFTMPLPYLGVASSLPKGFMGGTIILVLGMILYSWTPHGANSSHTDSVIPSPPPT,1,0,0,0,0
Q8RWM7,MTTVTTSFVSFSPALMIFQKKSRRSSPNFRNRSTSLPIVSATLSHIEEAATTTNLIRQTNSISESLRNISLADLDPGTAKLAIGILGPALSAFGFLFILRIVMSWYPKLPVDKFPYVLAYAPTEPILVQTRKVIPPLAGVDVTPVVWFGLVSFLSEILVGPQGLLVLVSQQQVN,0,0,0,0,1
Q8RXS1,MAEAFTSFTFTNLHIPSSYNHSPKQNSGPNHGYWLSKNVNEKRERNLMRGSLCVRKALPHDLPLMAVMVQQIEGMRDIITEKHVWHLSDKAIKNVYMFYIMFTCWGCLYFGSAKDPFYDSEEYRGDGGDGTGYWVYETQEDIEEKARAELWREELIEEIEQKVGGLRELEEAVTK,0,0,0,0,1
Q8S4F6,MTTLSSINLSIPPHLLPSTTNTCSSSSATSCSPPRSSSFVLHSPLSFGHRRLPISKKSKLRFCGVITKEAVSGSNDMTITQVREDDESEIDAPLLDPESLSKPRRIALFVEPSPFAYVSGYKNRFQNFIRYLREMGDEVIVVTTHEGVPEEFYGARVIGSRSFPCPYYQKVPLSLALSPRIISEIARFKPDIIHASSPGVMVFGALAIAKMLSVPIVMSYHTHVPVYIPRYTFSWLVKPMWSIIRFLHRAADLTLVPSAAIGKDLIAAGATAANQLRLWNKGVDSESFNPRFRSQEMRIRLSNGEPEKPLVIHVGRIGVEKSLELLKSVMDKLPEARIAFIGDGPYKEDLEKLFTGMPAVFTGTLQGDELSQAYASGDVFVMPSESETLGLVVLEAMSSGLPVVAARAGGIPDIIPEDQEGKTGFLFNPGDVEDCVTKLRTLLHDRETREIIGKAAREETEKYDWRAATTKIRNEQYSAAIWFWRKKKVHVLGPINWLIKRLFPVPEGNV,1,0,0,0,0
Q93V66,MASQISQLACFSSTNRQFHFQSRSFPCPMIRPQSFVVKSVDGNSSETPASLSYTAEVSKPVVEKTSKPYSTVDETATNKESITEPVEEDVATQPIRAAKIHDFCFGIPYGGLVVSGGLLGFAFSRNLTSLSTGVLYGGGLLALSTLSLKIWREGKSSFPYILGQAVLSAVVFWKNFTAYSMTKKLFPAGVFAVISACMLCFYSYVVLSGGNPPPKKLKPSATSPSY,1,0,0,0,0
Q949Q5,MAATFATPSTVIGLGGSSITTKPFSSSFLKPTLSAKNPLRLAGASGGRVTCFERNWLRRDLNVVGFGLIGWLAPSSIPAINGKSLTGLFFDSIGTELAHFPTPPALTSQFWLWLVTWHLGLFLCLTFGQIGFKGRTEDYF,1,0,0,0,1
Q94A03,MATFAELVLSTSRCTCPCRSFTRKPLIRPPLSGLRLPGDTKPLFRSGLGRISVSRRFLTAVARAESDQLGDDDHSKGIDRIHNLQNVEDKQKKASQLKKRVIFGIGIGLPVGCVVLAGGWVFTVALASSVFIGSREYFELVRSRGIAKGMTPPPRYVSRVCSVICALMPILTLYFGNIDILVTSAAFVVAIALLVQRGSPRFAQLSSTMFGLFYCGYLPSFWVKLRCGLAAPALNTGIGRTWPILLGGQAHWTVGLVATLISFSGVIATDTFAFLGGKTFGRTPLTSISPKKTWEGTIVGLVGCIAITILLSKYLSWPQSLFSSVAFGFLNFFGSVFGDLTESMIKRDAGVKDSGSLIPGHGGILDRVDSYIFTGALAYSFIKTSLKLYGV,1,0,0,0,0
Q94A32,MADLILSSSSAQSSLLHVRPNHYLLNTSTASPIRSVRFQNSNGFHPLAFASGHRRLPLGAVVPSDSTKTITSTITANCVDSGVKAVEVEPTIDYGGGGGIGGDKFGGGGGGGDGNDDGGEDDKEESDGKKSTPLSMSQKLTLGYAFLVGVGGLMGYLKSGSQKSLLAGGLSAAVLLYVFSQLPTKPVLASTVGVVMAGALMYVMGTRYMRSKKIFPAGVVSIMSFIMTGGYIHGIMRSLH,1,0,0,0,0
Q94AQ8,MASLISFSLLPKPKAVRSSISAPQTQTINTEKLEDKFGRKGIKFSESNNIPMVELKVRNGSSLKLSLSDAHVLSYKPKVYWKDEGFEEVLYTVDGDESRGGVGVVIVNGEEPKGGSSVISGCDWSVKDTDSDAIDALQIELSCTAGVLDITYIVSLYPVSMATALVVKNNGRKPVTLKPGIMSYLRFKKRSGAGIQGLKGCSYCPNPPLSSPFELLSPSEAMKAESSGWFGSEEGEKPGIWAVEDSVITLLEKKMSRIYGAPPAERLKAVYNTPPSKFETIDQGRGLFFRMIRIGFEEMYVGSPGSMWDKYGKQHYFVCTGPTSMLVPVDVASGETWRGAMVIEHDNL,0,0,0,0,1
Q94AX2,MGCVPRIEFGCSSQSLTLSWNLRAWNLCRLNTISHFQKLPYPLVASTRKHYKNSLLLKRFLVGVGTEESSLSEDLLDESLSRPLTSDELKSLLIDTERSKLVKKLSEANQQNRFLKRQLKTQEHEITNIKTELALMELEVQALVKLAEEIANLGIPQGSRKISGKYIQSHLLSRLDAVQKKMKEQIKGVEAAQSKEVHVFWIGMAESVQVMGSFDGWSQREDLSPEYSALFTKFSTTLFLRPGRYEMKFLVDGEWQISPEFPTSGEGLMENNVLVVE,0,0,0,1,0
Q9C503,MALVHYMNVSRSTFPLSRSSKINLSSSFASLPLQFHKNIKRLESSVPPSASASASPAFPIDVEYLRREFSGHGATFEDIGETCIARLKLDNGSSANVMLTRGMITSYKVRVWHGGKVELLHTWVEQEEEEVVIRGGVSSAFRSSDSDEISDWRLQGISGDSKDCVQMELRRSDKKIKEIELKQIISLRENTLSIELSMTNKGISPIKLEGCSLVSYLTVSTPEATYAVGLEGSDFVETTPFLPRFGVVQGEKEEEKPGFGGEEESNYKQLNREMSRIYTCAPKSFTVIDRGRRNSVVVGREGFEEVYMYSPGSRLESYTKSAYVCIGPSSLLSPISLESGCVWRGVLHLHNPNS,0,0,0,0,1
Q9C9C0,MAKLLLLHAPHVIPRFSSSSSRSLVSAAALYRRPLLVNPQFSHIGPRLHSPYNRRFSARAFDDSPASSAEMEKEKQEQLLDGVSGKKDEDYPTGEMEYENRNAWEIFVVKFRMLFAYPWQRVRKGSVLTMTLRGQISDQLKSRFNSGLSLPQLSENFVKAAYDPRIAGVYLHIDPLSCGWGKVEEIRRHILNFKKSGKFIVGYISICGLKEYYLGCACNELFAPPSAYSFLYGLTVQASFLGGVFEKVGIEPQVQRIGKYKSAGDQLSRKSISEENYEMLSVLLDNIYSNWLDGVSDATGKKREDVENFINQGVYEIEKLKEAGLIKDIRYDDEVITMLKERLGVEKDKKLPTVDYKKYSGVKKWTLGLTGGRDQIAIIRAGGSISRVKGPLSTPGSAIIAEQLIEKIRSVRESKKYKAAIIRIDSPGGDALASDLMWREIKLLAETKPVIASMSDVAASGGYYMAMAANAIVAENLTLTGSIGVVTARFTLAKLYEKIGFNKETISRGKYAELLGAEERPLKPEEAELFEKSAQHAYQLFRDKAALSRSMPVDKMEEVAQGRVWTGKDAHSRGLIDAVGGLSRAIAIAKQKANIPLNKKVTLVELSRPSTSLPDILSGIGSSVIGVDRTLKGLLDELTITEGVQARMDGIMFQQLGRDSLATPIIDMLKDYLSSLR,0,0,0,1,1
Q9C9Z2,MAAMAAKLQLSAKSDQSSVRLPRVINLSRDPTTRVSFPRNGSVCSLHTNFSSPHLAKPCAGGGGGGSTGNNGGGSGSGGGGGGFGGSGGEASEESSPWGPIGLFIQGWRSRVAADPQFPFKVLMEEIVGLSACVLGDMASRPNFGLNELDFVFSTLVVGSILNFVLMYMLAPTAATLGSSQTLPGIFRNCPSSHMFEQGSFTVMNRFGTLVYKGMVFASVGLAAGLVGTAISNGLIMLRKKMDPSFETPNKPPPTVLNSLTWATHMGVSANARYQTLNGIEFLLAKVLPPLVFKTSVIVLRCANNVAGGMSFVLLARMTGSQSVEEKTEISEKEKDD,1,0,0,0,0
Q9CAC5,MSRCGSLGLYAPNALPSLSLKPRSVKSPFCITSHTKPNDTLLHNVNKMRAKACDILGAKKTILAAQLGAVLATIDHPALAITGVNNQQELSSVVLDIGIISVWYFLVMPPIIMNWLRVRWYRRKFFEMYLQFMFVFMFFPGLLLWAPFLNFRKFPRDPNMKNPWDKPTDPDSIKNVYLKYPYATPEDYDLD,0,0,0,0,1
Q9FDW8,MPTLTKLYSMEEAATHNKQDDCWVVIDGKVYDVSSYMDEHPGGDDVLLAVAGKDATDDFEDAGHSKDARELMEKYFIGELDESSLPEIPELKIYKKDQPQDSVQKLFDLTKQYWVVPVSIITISVAVSVLFSRKT,1,0,0,0,0
Q9FFK3,MNLAVASFRGNFGVLSQCSSCCSLQFQPFVAATSSLNFGQTGTSRRKKDLKLERVFRKRETLVRVTETQTEPEGNDDEDNKEGKESSADDPPTKIPTELNSQSTVVNEAPGNEEENKAQFSSQDGDKLEVSSGSPLPGVNVSIIIHVIYKDDSIMFSGCLSFIKSCCEQPLQLDDSMRLPKETIDILRGQVFGFDTFFVTSQEPYEGGVLFKGNLRGKPATSYEKIKTRMENNFGDQYKLFLLTNPEDDKPVAVVVPRRSLEPETTAVPEWFAAGSFGLVALFTLFLRNVPALQSDLLSAFDNLELLKDGLPGALVTALVLGVHELGHILVANSLGIKLGVPFFVPSWQIGSFGAITRIKNIVAKREDLLKVAAAGPLAGFSLGLILFLIGLFVPPSDGIGVVVDASVFHESFLAGGIAKLLLGDALKEGTSISLNPLVIWAWAGLLINGINSIPAGELDGGKIAFSIWGRKTATRLTGASIALLGLSALFSDVAFYWVVLIFFLQRGPIAPLAEEITVPDDKYVSLGILVLFLSLLVCLPYPFAFTGNEAMMIGL,1,0,0,0,0
Q9FFX0,MALFPLHHEVPCKGEVLFDSNGLRRFSSGLKHRTMAEATTLGRDCRMKSYMKSIPYCRSPRRRLCLVRASSENKITKQRLKLLDSYFGKLQNDDEKPSISTGDDIDRKAELNVNEELDSLSAYLDKLQKDAKSKGLVSSTLDVVKSEGGSVASKLRKTGIENNNSPFQQFDDEDQAEDTLNFYAVSILASINVGVCLFEAAAPVRNNNMGLLSLPLLYGAKINDLILAGEWWRLVTPMFLHSGIPHVALSSWALLTFGPKVCRDYGLFTFCLIYILGGVSGNFMSFLHTADPTVGGTGPAFALIGAWLVDQNQNKEMIKSNEYEDLFQKAIIMTGFGLILSHFGPIDDWTNLGALIAGIVYGFFTCPVLQLGSGGSERQEGIVTVGPEKQNSADPCKSFLLFTIFVAVIVTSLLLIGDGPLDFPTYDDVVYSLI,1,0,0,0,0
Q9FG89,MATVTILSPKSIPKVTDSKFGARVSDQIVNVVKCGKSGRRLKLAKLVSAAGLSQIEPDINEDPIGQFETNSIEMEDFKYGYYDGAHTYYEGEVQKGTFWGAIADDIAAVDQTNGFQGLISCMFLPAIALGMYFDAPGEYLFIGAALFTVVFCIIEMDKPDQPHNFEPQIYKLERGARDKLINDYNTMSIWDFNDKYGDVWDFTIEKDDIATR,1,0,0,0,0
Q9FGT8,MTEKKEMEVVKGLNVERYMGRWYEIASFPSRFQPKNGVDTRATYTLNPDGTIHVLNETWSNGKRGFIEGSAYKADPKSDEAKLKVKFYVPPFLPIIPVTGDYWVLYIDPDYQHALIGQPSRSYLWILSRTAQMEEETYKQLVEKAVEEGYDISKLHKTPQSDTPPESNTAPEDSKGVWWFKSLFGK,1,0,0,0,0
Q9FI46,MGTESGSDPESSSNGWSRARGLVVKTLVLIGGALLIKRLTKSTTRRDHARVVSRSLTGEKFTREQASRDPDNYFNIRMLSCPAAEMVDGSEVLYLEQAFWRTPQKPFRQRLYMVKPCPKELKCDVEVSSYAIRDAEEYKNFCDRPKDQRPLPEEVIGDIGEHLTTIHLNCCDRGKRCLYEGSTSPGGFPNSWNGASYCTSDLAVLKNNEIHLWDRGFDENRNQVWGPKEGPYEFKPATSSSINENLSALNILYQSSIDKPIQGSLILQD,1,0,0,0,0
Q9FJ81,MSIQICNFPFHPKFALQPRAQRSTRIFARTENDSPQSKTSDQQLNLSVLRFTFGIPGFDESYLPRWIGYGFGSLLLLNHFSASAPISESQMRSEALGLSLAAFSIALPYIGKFLKGSVVEQRSLPEEGEQVFVISSNIGDSLKEDLAWATYVLLRNTSTIAVLISVQGELCVRGYWNCPDQMSKAQLHDWFKKKVDEIGLADVKETLYFPQYAGSALSLDILPDGTRSLFVQPLVQNTNEPQKVNGFLLVASTAGYAYSDKDRAWIGAMAEKFRG,0,0,0,0,1
Q9FL87,MECSLQKQLFNNGDKLFSSRHNRRVSIEQVHVTDSLSVNSINLFHKPICYPISSIITSRKSKSHFSVCATRRRRVHSNSDTYVLLEAGQDEQFVTEDELKAKLRGWLENWPVNSLPPDLARFDDLDEAVDFLVKAVCELEIDGEVGSVQWYQVRLE,0,0,0,1,0
Q9FN50,MSSSLLLSGSTVSSSFIAPSKPSLVRNSSKTSLLPFRNVSRSFKTVKCTVDSSYGGNVPTFPRTRVWDPYKRLGVSPYASEEEIWASRNFLLQQYAGHERSEESIEGAFEKLLMSSFIRRKKTKINLKSKLKKKVEESPPWLKALLDFVEMPPMDTIFRRLFLFAFMGGWSIMNSAEGGPAFQVAVSLAACVYFLNEKTKSLGRACLIGIGALVAGWFCGSLIIPMIPTFLIQPTWTLELLTSLVAYVFLFLSCTFLK,1,0,0,0,1
Q9FNJ9,MISLPLTTPILPSRCLLHKTRRQNSTRRRLLIRSSSSLQDQFTVETTKRVVLVRHGQSTWNEEGRIQGSSDFSVLTKKGESQAEISRQMLIDDSFDVCFTSPLKRSKKTAEIIWGSRESEMIFDYDLREIDLYSFQGLLKKEGKEKFGEAFKQWQEDPANFIIDGHYPVRELWSRARSCWPGILAHESKSVLVVAHNAVNQALLATAIGLGTEYFRSLLQSNCGVSVLDFIPRADGGSPHVCLNRLNQTPNSPLAGGSSGGRKASKQIILVCHGQGNNEDSAVINQAANNDQAMNMLGVIHSQKTAELLLDLRVSSIVCSPKTASIESSGVISRVQEAAGCLGVDNVPHYVKTKQMNELDVESVLRKSNKDNDVIASQLDEEAFSALWNRSEKAWESLLDELSDEKSNPGEIMVVVGPAMTHISLIAQCLNLTKEALGLFHLDAGSISVIDFPDGPSSKGVIRCTNYTAHLGRWSIPITKPA,0,0,0,1,0
Q9LMU1,MASLFVSTPSSSLTLKSCHSLHLRRFDRAEFSNFGKASVNQTTRSRHSLRCSAEDDRVREPVNEAPSPVALAEEQKEDHDNNNAPPSPESSEEEEEKKSKQQEMDWKTDEEFKKFMGNPSIEAAIKLEKTRTDRKLKELNKESNSENPIIGIYNSLARDSLTKEKERLEKAEETFKALDLNKLKSCFGFDTFFATDVRRFGDGGIFIGNLRKPIDEVTPKLEAKLSEAAGRDVVVWFMEERSNEITKQVCMVQPKAEIDLQFESTRLSTPWGYVSAIALCVTTFGTIALMSGFFLKPDATFDDYIANVVPLFGGFLSILGVSEIATRVTAARHGVKLSPSFLVPSNWTGCLGVMNNYESLLPNKKALFDIPVARTASAYLTSLLLAAAAFISDGSFNGGDNALYIRPQFFDNNPLLSFVQFVVGPYADDLGNVLPNAVEGVGVPVDPLAFAGLLGMVVTSLNLLPCGRLEGGRIAQAMFGRSTAAILSFTTSLLLGIGGLSGSVLCLAWGLFATFFRGGEETPAKDEITPVGDDRFAWGIVLGLICFLTLFPNSGGTFSTSFFNGPFFRGDDF,1,0,0,0,0
Q9LP10,MSSSSATSGVVGDRGVPCKCVCGLSVTVFTSKSQDNSGRPFFRCISKRDAKTWTNNRNGHLFKWVEEAVFEEVEDALPRLAVIANEINKAKSEALELKAMIQEILEEALINKMQIRRNWCGLKLGFVWLFVITIVIVYVLFGQDNEKKLVAGY,1,0,0,0,0
Q9LSE4,MATKLISPPLSCPWVTSREVIIKGLPRRRREWMVTKRNRVSAVTAMIVEPLSVVSSSAIQIHQWWEQNPNSLLLMTEATGGYSLASYYTSLGLFVISVPGLWSLIKRSVKSKIVRKTFVVNDVKKEPKQVAGEILSFFTRKNFNITDRGETITFEGKMVPSRGQAALLTFCTCISLASVGLVLTITVPDFGNNWFFIILLSPLAGVYYWKKASRKEEIKVKMMVGSKGRLDEIVVQGDDVQVEEMRKELQLNEKGMVYVKGLFERSS,0,0,0,0,1
Q9LU01,MTTQIFQLPLKYCASSFSSTGQRNYGASSSPSPIVICKSNGISDGLWVKRRKNNRRFGSLIVKQEKGDVTEIRVPVPLTLEQQEKEKQNRDDEEDEIDEGDVDPEDLKYVNEIKRVIELLRRNRDMIFSEVKLTIMIEDPRELERRRLLGIEDADTPSRDDLAEALEQVNDGKIPKDRATLRMLHEEMIRWPNLEVEVSKKQRGKSMYAKSTDTGIDPKEAAKRLNVEWDSAAAIEEVDVDDEQGVVTKVAGYGALYFVSALPVIIGISVVLILFYNSLQ,0,0,0,0,1
Q9LU21,MGSVQLSGSGLVASLPPNHSFSHKTKLNKPNSYFFRSKHNAARTKTVRAISTAPASQPPAADEPDEPPAVDFAFVHSVLLPDGTPDVHWRRANGGQKLRDIMLDSNIELYGPYSKPLSNCAGVGTCATCMVEIVNGKELLNPRTDIEKEKLKRKPKNWRLACQTNVGNPDSTGLVVIQQLPEWKAHEWNIPKNIPNDDDLETST,0,0,0,0,1
Q9LU39,MQLQTQSFALNLLPSPNFAKPIERREFISLKRDPSRPISLRCSVSTTLDTPATASTHKPFPAEVSRSIMELSSVGTLSTLTHDGWPLGVGVRFAVDKDGTPVLCLNRSVSPDKRSALHVQLEQCGLRTPQCTIQGSIGRPGDDTVLKRLSATWREKFGEEVKEDSLYVVAVDRVLQMEDFMEDGIWVASSDYKNASPDPLRDIAEDIVNQINANNMEDIFRFCNVYVDLDFVVSETKMIWMDRLGFDLRVWSPRGVYDVRIPFPMEVTDEKGAKSSFNGMSQLAWEVEKSYCPADFNKVKLLKQVVGSSHSHKGGGQ,0,0,0,1,0
Q9LVY0,MSMELTVLGPLAGRSFAIAGKPKLLLLRPTNLPLLRLSLPLSLPNFSSSSRFNSPIVFAAQESNLSVSNENETSEWLMQDFYTLRKDVEIASARVEEIRASANLQQLEQEITNLESKATDTSFWDDRTKAQETLSSLNDLKDRMRLLSEFKTMVEDAETIVKLTEEMDSTDVSLLEEAMGIIKELNKSLDKFELTQLLSGPYDKEGAVVYITAGAGGTDAQDWADMLLRMYMRWGEKQRYKTKVVEMSNGEEAGIKSATLEIEGRYAYGYISGEKGTHRIVRQSPFNSKGLRQTSFSGVEVMPLLPEEAVGIEIPEEDLDISFTRAGGKGGQNVNKVETAVRITHIPTGVAVRCTEERSQLANKTRALIRLKAKLMVIAEEQRATEIKEIRGDAVKAEWGQQIRNYVFHPYKLVKDVRTGHETSDITSVMDGDLDPFIKAYLKHKYTLAMASAVTN,0,0,0,1,0
Q9LY74,MASLMLNGAITFPKGLGSPGSNLHARSIPRPTLLSVTRTSTPRLSVATRCSSSSVSSSRPSAQPRFIQHKKEAYWFYRFLSIVYDHVINPGHWTEDMRDDALEPADLSHPDMRVVDVGGGTGFTTLGIVKTVKAKNVTILDQSPHQLAKAKQKEPLKECKIVEGDAEDLPFPTDYADRYVSAGSIEYWPDPQRGIREAYRVLKIGGKACLIGPVYPTFWLSRFFSDVWMLFPKEEEYIEWFKNAGFKDVQLKRIGPKWYRGVRRHGLIMGCSVTGVKPASGDSPLQLGPKEEDVEKPVNNPFSFLGRFLLGTLAAAWFVLIPIYMWIKDQIVPKDQPI,1,0,0,0,0
Q9LYT7,MATSQQFLNPTLFKSLASSNKNSCTLCPSPFLQLKSASTIFNYKPLTSSSATIITRVAASSSDSGESITRETFHGLCFVLKDNIDTDQIIPAEYGTLIPSIPEDREKLGSFALNGLPKFYNERFVVPGEMKSKYSVIIGGDNFGCGSSREHAPVCLGAAGAKAVVAESYARIFFRNCVATGEIFPLESEVRICDECKTGDVVTIEHKEDGSSLLINHTTRKEYKLKPLGDAGPVIDAGGIFAYARKAGMIPSA,0,0,0,1,0
Q9LZD0,MVSNCLSLSLHLNLHPHKHNRHSLSSLRSRTKAKLYQHVSFTDSSHKSSYTSCVSTFDIQRKSSKHYELGKHSFSPILPGDNLVLSRSGVIRPRLSAMTGSEINDHGYDESQFDPSLTNDDLKPTTPSQRTFSWLDMSSLWIGLVVGVPTYYLAGSLVDLGMAWWQGIATVVTANLILLVPLVLTAQPGTLYGISFPVLARSSFGIRGAHIPTLLRALVGCGWYGIETWIGGEAIFLLLPGHIKKSALSHTLPWLGTSPLEFSCFIVFWLAQLCIVWRGMDGIRKLEKYSAPILISLTSCLLAWSYLKAGGFGHMLSLSSKLTSAQFWTLFFPSLTANISFWATLALNIPDFSRFAKSQTDQIIGQVGLPVFMGLFTFVGVAVTSSTSIIFGRVISNPIELLGQIGGLATTLLAIVGISLATLTTNIAANVVAPANALVNLNPKFFTFGRGAFLTAVLGIVFQPWRLLKSSESFVYTWLIGYSALLGPIGGIILVDYYLIKKMKLNIGDLYSLSPSGEYYFSKGYNVAAVVALVAGIIPVVPGFLHKISALSKISNGFVVVYDNALFFSFIIAGFVYWIIMSRLGRKQSSLSSSSHPLL,1,0,0,0,0
Q9M001,MAPFVEVCRYKPLPLSLSSLCTCPCRSSPRKYLILPQFSEKYPKPLLSHSRFTPISVNRRVITAVARAESNQIGDDANSKEEHNIDQELQNVEEDSSLDDQKQKSRSQFKKRVTFGLGIGLSVGGIVLAGGWVFTVAVAAAVLLSAREYFELVRSKGIAQGMTPPPRYLSRVCSIICALMPILTLYFGHIDISITSAAFVVAMALLLQRGNPRFSQLSSTMFGLFYCGYLPCFWVKLRCGLTAPVLNTGIGRSWPTILGGQAHWTVGLVAILISFCGIIASDTFAFLGGKAFGRTPLISISPKKTWEGAFAGLVGCISITILLSKSLSWPQSLVSTIAFGVLNFFGSVFGDLTESMIKRDAGVKDSGSLIPGHGGILDRVDSYIFTGALAYSFVRLHGV,1,0,0,0,0
Q9M812,MASISATLPSPLLLTQRKSNLTSIQKLPFSLTRGTNDLSPLSLTRNPSSISLMVKASGESSDSSTDLDVVSTIQNVWDKSEDRLGLIGLGFAGIVALWASLNLITAIDKLPVISSGFELVGILFSTWFTYRYLLFKPDRQELSKIVKKSVADILGQ,0,0,0,0,1
Q9M895,MATFNVLCSNRFRFNGGYSPEKFNRKVSSRSSELNVCVSRIRTQSFSCRRLGGFMEIGETRLGVIRVHGDSRNRFSCNSEIKRLVTGDYGDKETRIGENGRNKGKRRRFSLRLRPRLRLVRMRLGRFDFRASMEDFRYFLKKNLKRVILSTGVALIFGLCYLFLRLTAVPSPSIVPYSDFVTNLRGGSVSKVLLEEGSRRIYYNTDENVEVVDDVHKSETLEDPAIQIDGGTVTEAVTKDDTPRKVRALPPVWKYVTRKVDHDEKFLLSLMREKGITYSSAPQSALMSMRTTLITIISLWIPLTPLMWLLYRQLSASNSPAKKRRSKNPTVGFDDVEGVDSAKDELVEIVSCLQGSINYKKLGARLPRGVLLVGPPGTGKTLLARAVAGEAGVPFFSVSASEFVELFVGRGAARIRDLFNAARKNSPSIIFIDELDAVGGKRGRSFNDERDQTLNQLLTEMDGFESDTKVIVIAATNRPEALDSALCRPGRFSRKVLVAEPDQEGRRKILAIHLRDVPLEEDAFLICDLVASLTPGFVGADLANIVNEAALLAARRGGEAVAREDIMEAIERAKFGINDKEARPRTLGNELSKMFPWMPSLARRNGPDQDGLQGPLGYQTLS,1,0,0,0,0
Q9S9N6,MASSLPLLPKPISPFFKTPPFSTSKPLVFLNFQTRLTSRSSDVSVNLKKKNNPWLDPFDSGEDPDNEYGSLFADGKQDEDPRPPDNPDNPYGFLKFPKGYTVELASLPLKIRGDVRRCCCVISGGVYENLLFFPTIQLIKDRYPGVQVDILTTERGKQTYELNKNVRWANVYDPDDHWPEPAEYTDMIGLLKGRYYDMVLSTKLAGLGHAAFLFMTTARDRVSYIYPNVNSAGAGLMLSETFTAENTNLSELGYSMYTQMEDWLGRPFRSVPRTPLLPLRVSISRKVKEVVAAKYRNAGAVTGKFIVIHGIESDSKASMQSKGDADSLLSLEKWAKIIKGVRGFKPVFVIPHEKERENVEDFVGDDTSIVFITTPGQLAALINDSAGVIATNTAAIQLANARDKPCIGLFSSEEKGKLFVPYAEEKSNCVIIASKTGKLADIDIGTVKNAMQVFEGSLALV,0,0,0,0,1
Q9SIC4,MILLVNGGAATSIHPNAARFYRIGTMSRQIHGAVSSSKHISLKTQHPLSDSNSELAYGASGSETRVYTRKKRLKQEPFEPLEKYSGKGVNTHKLCGLPDIEDFAYKKTIGSPSSSRSTETSITVTSVKTAGYPPENWVEVLEGIRQMRSSEDAPVDSMGCDKAGSFLPPTERRFAVLLGALLSSQTKDQVNNAAIHRLHQNGLLTPEAVDKADESTIKELIYPVGFYTRKATYMKKIARICLVKYDGDIPSSLDDLLSLPGIGPKMAHLILHIAWNDVQGICVDTHVHRICNRLGWVSRPGTKQKTTSPEETRVALQQWLPKEEWVAINPLLVGFGQMICTPIRPRCEACSVSKLCPAAFKETSSPSSKLKKSNRSKEP,0,0,0,1,0
Q9SIF2,MAPALSRSLYTSPLTSVPITPVSSRLSHLRSSFLPHGGALRTGVSCSWNLEKRCNRFAVKCDAAVAEKETTEEGSGEKFEYQAEVSRLLDLIVHSLYSHKEVFLRELVSNASDALDKLRFLSVTEPSLLGDGGDLEIRIKPDPDNGTITITDTGIGMTKEELIDCLGTIAQSGTSKFLKALKENKDLGADNGLIGQFGVGFYSAFLVAEKVVVSTKSPKSDKQYVWESVADSSSYLIREETDPDNILRRGTQITLYLREDDKYEFAESTRIKNLVKNYSQFVGFPIYTWQEKSRTIEVEEDEPVKEGEEGEPKKKKTTKTEKYWDWELANETKPLWMRNSKEVEKGEYNEFYKKAFNEFLDPLAHTHFTTEGEVEFRSILYIPGMGPLNNEDVTNPKTKNIRLYVKRVFISDDFDGELFPRYLSFVKGVVDSDDLPLNVSREILQESRIVRIMRKRLIRKTFDMIQEISESENKEDYKKFWENFGRFLKLGCIEDTGNHKRITPLLRFFSSKNEEELTSLDDYIENMGENQKAIYYLATDSLKSAKSAPFLEKLIQKDIEVLYLVEPIDEVAIQNLQTYKEKKFVDISKEDLELGDEDEVKDREAKQEFNLLCDWIKQQLGDKVAKVQVSNRLSSSPCVLVSGKFGWSANMERLMKAQALGDTSSLEFMRGRRILEINPDHPIIKDLNAACKNAPESTEATRVVDLLYDTAIISSGFTPDSPAELGNKIYEMMAMAVGGRWGRVEEEEESSTVNEGDDKSGETEVVEPSEVRAESDPWQD,0,0,0,1,0
Q9SMS0,MAYATSTYARTSCIILPKIQNGAHFTDDTKAFRRITARRVTRIYASQGPTKPSKPSPGVDTRIHWESPDEGWIGGRSDPAKSVDEDKTNLLSDEKFAELIKDSFDSHYQFLGVSTDADLEEIKSAYRRLSKEYHPDTTSLPLKTASEKFMKLREVYNVLSDEETRRFYDWTLAQEVASRQAEKMRMKLEDPKEQDFRGYESIPDMVDRLGGRNMELSDQAMTALTFDILIVLFAVCCIAFVIVFKDPSY,0,0,0,0,1
Q9SQI8,MAVSSSSFLSTASLTNSKSNISFASSVSPSLRSVVFRSTTPATSHRRSMTVRSKIREIFMPALSSTMTEGKIVSWIKTEGEKLAKGESVVVVESDKADMDVETFYDGYLAAIVVGEGETAPVGAAIGLLAETEAEIEEAKSKAASKSSSSVAEAVVPSPPPVTSSPAPAIAQPAPVTAVSDGPRKTVATPYAKKLAKQHKVDIESVAGTGPFGRITASDVETAAGIAPSKSSIAPPPPPPPPVTAKATTTNLPPLLPDSSIVPFTAMQSAVSKNMIESLSVPTFRVGYPVNTDALDALYEKVKPKGVTMTALLAKAAGMALAQHPVVNASCKDGKSFSYNSSINIAVAVAINGGLITPVLQDADKLDLYLLSQKWKELVGKARSKQLQPHEYNSGTFTLSNLGMFGVDRFDAILPPGQGAIMAVGASKPTVVADKDGFFSVKNTMLVNVTADHRIVYGADLAAFLQTFAKIIENPDSLTL,0,0,0,1,0
Q9SRS3,MAAITALTLRSPVYLPSSATSPRFHGFTNQPPPARLFFPLNPFPSLSIQNPKSIRISASASPITTPILQTEKSTARSSTLTGSTRSLATLAALAIAVTRVLAQKLSLAIQTSSPVIADGLRFSLSTAGPVFFASLRDRPPGYLNTPLTVVAVGIKKWLDIYSGVLMVRVLLSWFPNIPWERQPLSAIRDLCDPYLNLFRNIIPPIFDTLDVSPLLAFAVLGTLGSIVHGSTG,0,0,0,0,1
Q9SRY4,MAVATAPSLNRHFPRRISNLYSRVKQRRPWLPPGDATLFNSRRNWDSHLFVYASSSSSPSSSPPSPNSPTDDLTAELCVNTGLDLFKRGRVKDALVQFETALSLAPNPIESQAAYYNKACCHAYRGEGKKAVDCLRIALRDYNLKFATILNDPDLASFRALPEFKELQEEARLGGEDIGDNFRRDLKLISEVRAPFRGVRKFFYFAFAAAAGISMFFTVPRLVQAIRGGDGAPNLLETTGNAAINIGGIVVMVSLFLWENKKEEEQMVQITRDETLSRLPLRLSTNRVVELVQLRDTVRPVILAGKKETVTLAMQKADRFRTELLRRGVLLVPVVWGERKTPEIEKKGFGASSKAATSLPSIGEDFDTRAQSVVAQSKLKGEIRFKAETVSPGEWERWIRDQQISEGVNPGDDVYIILRLDGRVRRSGRGMPDWAEISKELPPMDDVLSKLER,0,0,0,0,1
Q9SSS9,MASLQQTLFSLQSKLPPSSFQIARSLPLRKTFPIRINNGGNAAGARMSATAASSYAMALADVAKRNDTMELTVTDIEKLEQVFSDPQVLNFFANPTITVEKKRQVIDDIVKSSSLQSHTSNFLNVLVDANRINIVTEIVKEFELVYNKLTDTQLAEVRSVVKLEAPQLAQIAKQVQKLTGAKNVRVKTVIDASLVAGFTIRYGESGSKLIDMSVKKQLEDIASQLELGEIQLAT,0,0,0,0,1
Q9STF2,MASSSTSFPLTTAPPQGVRFNRRKPRLTVWAKQTAFQLGKTKGDDDSEGKQKGKNPFQFDFGKLPDMKSLIPVVTNPSTGLVFGNNRKKDPGTIFVAGATGQAGIRIAQTLLQRGFSVRAGVPDLGAAQDLARVAATYKILSNDEVKRLNAVQSPFQDAESIAKAIGNATKVVVTVGATENGPDAQVSTSDALLVVQAAELAGVSHVAIVYDGTISGSTYNVLDGITSFFGNLFAKSQPLTISDLIEKVAQTDVAYTLIKTSLTEDFSPEKAYNVVVSAEGSNSGSGSSSSEAYKVPKLKIASLVADIFANTAVAENKVVEVSTDPSAPSRPVDELFSVIPEDGRRKVYADAIARERAEEEAKVAADKAREAAEAAKEFEKQMQKLSEKEAEAASLAEDAQQKADAVGVTVDGLFNKAKDISSGLSWNKLGSQFATAIQNASETPKVQVATVRGQAKARNLPPKKAVVKQRPSSPFASKPKEERPKKPEKEVRKVFGGLFKQETIYIDDD,0,0,0,1,1
Q9STS7,MILLSSSISLSRPVSSQSFSPPAATSTRRSHSSVTVKCCCSSRRLLKNPELKCSLENLFEIQALRKCFVSGFAAILLLSQAGQGIALDLSSGYQNICQLGSAAAVGENKLTLPSDGDSESMMMMMMRGMTAKNFDPVRYSGRWFEVASLKRGFAGQGQEDCHCTQGVYTFDMKESAIRVDTFCVHGSPDGYITGIRGKVQCVGAEDLEKSETDLEKQEMIKEKCFLRFPTIPFIPKLPYDVIATDYDNYALVSGAKDKGFVQVYSRTPNPGPEFIAKYKNYLAQFGYDPEKIKDTPQDCEVTDAELAAMMSMPGMEQTLTNQFPDLGLRKSVQFDPFTSVFETLKKLVPLYFK,0,1,0,0,0
Q9SVC4,MGKTSGAKQATVVVAAMALGWLAIEIAFKPFLDKFRSSIDKSDPTKDPDDFDTAATATTSKEGL,1,0,0,0,0
Q9SW18,MPFAPSLLSSSSSVSQFLPRFPNATRFNVTPRSRAATVVAASVTDLAGVDSTTIAVLGGGSVAALAAMVSLTDPERRRKLQAEEVGGGDKEVVREYFNSTGFERWRKIYGETDEVNRVQKDIRLGHAKTVENTMLMLTEDRSLAGVTVCDAGCGTGLLSIPLAKEGAIVSASDISAAMVAEAEMKAKAQLPSENLPKFEVNDLESLTGKYDTVVCLDVLIHYPQNKADGMIAHLASLAEKRVILSFAPKTFYYDILKRIGELFPGPSKATRAYLHSEADVERALGKVGWKISKRGLTTTQFYFSRLIEAVPM,1,0,0,0,1
Q9SX29,METAICGRLALAPSSLFNSKSGDKHLVSKGPCVNRSILMTLSTSAALGKGGGVLDKPIIEKTTPGRESEFDLRKSKKIAPPYRVILHNDNFNKREYVVQVLMKVIPGMTVDNAVNIMQEAHINGLAVVIVCAQADAEQHCMQLRGNGLLSSVEPDGGGC,0,0,0,1,0
Q9SZ42,MAVSLPTKYPLRPITNIPKSHRPSLLRVRVTCSVTTTKPQPNREKLLVEQRTVNLPLSNDQSLQSTKPRPNREKLVVEQRLASPPLSNDPTLKSTWTHRLWVAAGCTTLFVSLAKSVIGGFDSHLCLEPALAGYAGYILADLGSGVYHWAIDNYGDESTPVVGTQIEAFQGHHKWPWTITRRQFANNLHALAQVITFTVLPLDLAFNDPVFHGFVCTFAFCILFSQQFHAWAHGTKSKLPPLVVALQDMGLLVSRRQHAEHHRAPYNNNYCIVSGAWNNVLDESKVFEALEMVFYFQLGVRPRSWSEPNSDWIEETEISNNQA,1,0,0,0,0
Q9T0A4,MATSSITIPTIRTPIHRSKFLGQTHQFSTVNRSVFPPPKQQSKLYQVKAMGKFNLWEVMGGRGLCNGEKGIEKELQRNIEDEQETSKAENNETERESDDSNLSFKVPEDGFEKEMMGLTGGFPGGEKGLKTFIEKNPPPPPPPPPAKQGSDASAVATDKKPKAPKLPLLMPGMIAIVKNQNSPYHMYCGIVQRITDGKAGVLFEGGNWDRLITFRLEELERREKGPPGKNPKSCILEPLIEQMQKEEAAP,0,0,0,0,1
Q9ZP27,MALLCSALSNSTHPSFRSHIAGANSENLWHLSAHPAQKSKRRCNLTLSSRAAARISSALESGKLKPWQIPKRDWFPPEFTFGAASAAYQIEGAWNEGGKGPSSWDNFCHNYPERIMDGSNWDVAANSYYMYKEDVRMLKEIGMDSYRFSISWPRILPEGTLEGGINHEGIQYYNDLLDCLIENGIKPYITLFHWDTPQALADKYNDFLDRRIVKDYTDYATVCFEHFGDKVKNWITFNEPHSFCGLAYGTGLHAPGLCSPGMDCAIPQGDALRQPYIVGHNLLLAHAETVDVYKKFYKGDDGQIGMVMDVMAYEPYGNNFVDQQAQERSIDFHIGWFLEPMVRGDYPFSMRSLVGDRLPFFTKSEQEKLVSSYDFVGINYYTARFSEHIDISPEIIPKLNTDDAYSTPEFNDSNGIPIGPDLGMYWILSYPKGLKDILLLMKEKYGNPPIYITENGTADMDGWGNPPMTDPLDDPLRIEYLQQHMTAIKEAIDLGADVRGHFTWSLIDNFEWSMGYLSRFGIVYIDRNDGFKRIMKKSAKWLKEFNGATKEVNNKILGASSCCSGELMWFLVQNPYGK,0,0,0,1,0
Q9ZVE7,MAVLSTIYSITRASTPTMASLTNDSPSPLPSSSPSKLPSPTSPSKKPLKLRQVSKQMGSQNQQRRGNKPSIAQIERAFGSGSYRDSEGEMDMNTVFDELLLGHANKFESKIEKKLREIGEIFVARTEPKLRSSGKPVLMFTIQWILPIWIMSLLVACGVIKLPFSIPFLDDLIM,0,0,0,0,1
Q9ZVH7,MMSIPMELMSIRNPNSTLLYRAHSRPPVKLCAPPRSLLPSRRHFSAPRAVVSYPGIRFGFTSPEVLLNRSVVAFAASHEDSGESGVEVGKEKSDIDVEDDTSKEAWKQTLESFKEQVSKMQSVSSEAYSVNSQKAMTVLKETSEQLRIQAEKAKEELGTKAKVVSEEGREYILKAAEESPSDVKEIVEAFASTEDLKNVSRANDFHVGIPYGLLLLVGGFINFMVSGSIPAIRFGVILGGALFALSLASLKSHRKGESSTKFLKGQMAIVAIIFLRELRLLLSQKSTFLGFFTTLTSGGVLGFYLYKMVVKREKGPTLEDGGEDESSDGFVRSEG,1,0,0,0,0
Q9ZVZ9,MGFLVAVMNFSPTLVHHHMKSKPQCQNEKLRQGQTSSLFDRRGFLKCVVGASSFMATIEFSGLQAQASEEKLDEGEGVVGAFKTLFDPNERTKSGKELPKAYLKSAREVVKTMRESLKENPKDNAKFRRSADAAKESIRDYLSNWRGQKTVAGEESYVELENVIRALAKFYSKAGPSAPLPDEVKTEILDDLNKAEEFL,0,1,0,0,0
Q9ZW84,MAYSLPTFPQALPCSSTKTSSSLATFRSPFLRFNGSTSLIPSSISITSRGTSSPTIIPRAAASESDSNEALANTTFHGLCYVLKDNIDTDQIIPAGAACTFPSNQQERDEIAAHALSGLPDFHKTRFIEPGENRSKYSIIIGGENFGCGSSREHAPVCLGAAGAKAIVAESYARIFFRNSVATGEVFPLESEVRVCEECKTGDTVTIELSDSGGLLTNHTTGKNYKLKSIGDAGPVIDAGGIFAYARMMGMIPSLA,0,0,0,1,0
Q9ZW85,MAASLQSANPTLSRTLASPNKPSSFATFRSPFLRFNSTSVASNFKPLVSREASSSFVTRSAAEPQERKTFHGLCYVVGDNIDTDQIIPAEFLTLVPSNPEEYEKLGSYALVGLPASYKERFVQPGEMKTKYSIIIGGENFGCGSSREHAPVCLGAAGAKAVVAQSYARIFFRNSVATGEVYPLDSEVRVCDECTTGDVATVELREGDSILINHTTGKEYKLKPIGDAGPVIDAGGIFAYARKAGMIPSAAA,0,0,0,1,0
